{"mean":{"confidence_interval":{"confidence_level":0.95,"lower_bound":26937516944.8425,"upper_bound":27188245313.0},"point_estimate":27069241996.1,"standard_error":64366700.54002552},"median":{"confidence_interval":{"confidence_level":0.95,"lower_bound":26879610562.5,"upper_bound":27250326417.0},"point_estimate":27142758438.0,"standard_error":101606527.92898835},"median_abs_dev":{"confidence_interval":{"confidence_level":0.95,"lower_bound":16069901.114702225,"upper_bound":357764254.4772148},"point_estimate":192394094.91222203,"standard_error":90089433.00249006},"slope":null,"std_dev":{"confidence_interval":{"confidence_level":0.95,"lower_bound":109315453.90005083,"upper_bound":258549250.41526237},"point_estimate":214922371.83172375,"standard_error":37497090.45972106}}