{"mean":{"confidence_interval":{"confidence_level":0.95,"lower_bound":-0.0019868809020742754,"upper_bound":0.009402564857276207},"point_estimate":0.00298837763295845,"standard_error":0.002820245992297958},"median":{"confidence_interval":{"confidence_level":0.95,"lower_bound":-0.004167536890855916,"upper_bound":0.007149898702903723},"point_estimate":0.00040297056735716374,"standard_error":0.002865886570808567}}