{"mean":{"confidence_interval":{"confidence_level":0.95,"lower_bound":748235012.75,"upper_bound":749666793.2},"point_estimate":748952819.6,"standard_error":367901.7495446345},"median":{"confidence_interval":{"confidence_level":0.95,"lower_bound":747848889.0,"upper_bound":750290319.6666666},"point_estimate":748663125.1666667,"standard_error":650287.8405002998},"median_abs_dev":{"confidence_interval":{"confidence_level":0.95,"lower_bound":85341.41968506367,"upper_bound":2142954.2026549284},"point_estimate":1675101.2484609785,"standard_error":566058.4949489086},"slope":null,"std_dev":{"confidence_interval":{"confidence_level":0.95,"lower_bound":796578.5149230193,"upper_bound":1463381.3395784476},"point_estimate":1231891.4607914044,"standard_error":171985.3946919261}}