{"mean":{"confidence_interval":{"confidence_level":0.95,"lower_bound":-0.008452900232335794,"upper_bound":-0.004930181247627994},"point_estimate":-0.0069420482379153325,"standard_error":0.0009076036880653109},"median":{"confidence_interval":{"confidence_level":0.95,"lower_bound":-0.008939780236431494,"upper_bound":-0.006070898358915611},"point_estimate":-0.007170414263106384,"standard_error":0.0007670455552099365}}