{"mean":{"confidence_interval":{"confidence_level":0.95,"lower_bound":-0.5442220537001965,"upper_bound":-0.5400763798616031},"point_estimate":-0.5423879362452712,"standard_error":0.0011072264302816955},"median":{"confidence_interval":{"confidence_level":0.95,"lower_bound":-0.5442398557903083,"upper_bound":-0.5425138059117014},"point_estimate":-0.5436065285792684,"standard_error":0.0004941685739982636}}