{"mean":{"confidence_interval":{"confidence_level":0.95,"lower_bound":0.06340598151396083,"upper_bound":0.06587738093072058},"point_estimate":0.06458889125153222,"standard_error":0.0006315811713925502},"median":{"confidence_interval":{"confidence_level":0.95,"lower_bound":0.06269928362303911,"upper_bound":0.06630515271557735},"point_estimate":0.06425768131621679,"standard_error":0.0008765258127584279}}