{"mean":{"confidence_interval":{"confidence_level":0.95,"lower_bound":0.013686135185558218,"upper_bound":0.01941330087009689},"point_estimate":0.0159673206708959,"standard_error":0.001456388528626035},"median":{"confidence_interval":{"confidence_level":0.95,"lower_bound":0.013208376494823426,"upper_bound":0.016521124726304404},"point_estimate":0.015218231278958383,"standard_error":0.0009128400446043558}}