{"mean":{"confidence_interval":{"confidence_level":0.95,"lower_bound":-0.5144738478011416,"upper_bound":-0.5022739817329371},"point_estimate":-0.5106891057612731,"standard_error":0.0030602447953392074},"median":{"confidence_interval":{"confidence_level":0.95,"lower_bound":-0.5148641215529801,"upper_bound":-0.512210154496923},"point_estimate":-0.5138846959672364,"standard_error":0.0011078413005232094}}