{"mean":{"confidence_interval":{"confidence_level":0.95,"lower_bound":-0.007265943936115807,"upper_bound":0.018917801421432765},"point_estimate":0.0020300540553663815,"standard_error":0.007860157882683167},"median":{"confidence_interval":{"confidence_level":0.95,"lower_bound":-0.007880046387877204,"upper_bound":-0.0038656186628973632},"point_estimate":-0.0069672888271868905,"standard_error":0.0025938688980378407}}