{"mean":{"confidence_interval":{"confidence_level":0.95,"lower_bound":0.07339339361301112,"upper_bound":0.07804789115754382},"point_estimate":0.07568132934839222,"standard_error":0.0011886594626115384},"median":{"confidence_interval":{"confidence_level":0.95,"lower_bound":0.07330653858423464,"upper_bound":0.07779328873854263},"point_estimate":0.07492662726836752,"standard_error":0.0011100190511339886}}