{"mean":{"confidence_interval":{"confidence_level":0.95,"lower_bound":0.006438019724050105,"upper_bound":0.0177523326165631},"point_estimate":0.012110527009944416,"standard_error":0.0029248736049806295},"median":{"confidence_interval":{"confidence_level":0.95,"lower_bound":0.005337582899502813,"upper_bound":0.016106064264411524},"point_estimate":0.012363414904206005,"standard_error":0.0026969229369009948}}