{"mean":{"confidence_interval":{"confidence_level":0.95,"lower_bound":1316708862.1729999,"upper_bound":1319239948.151},"point_estimate":1317864515.01,"standard_error":648685.488408548},"median":{"confidence_interval":{"confidence_level":0.95,"lower_bound":1315549854.0,"upper_bound":1316959792.0},"point_estimate":1316641250.0,"standard_error":437899.91690345644},"median_abs_dev":{"confidence_interval":{"confidence_level":0.95,"lower_bound":1834099.2232382298,"upper_bound":3115931.438881159},"point_estimate":2708092.6490217447,"standard_error":332729.78480327566},"slope":null,"std_dev":{"confidence_interval":{"confidence_level":0.95,"lower_bound":3860010.5112808174,"upper_bound":8815338.463845735},"point_estimate":6467832.691673089,"standard_error":1279981.3981380828}}