{"mean":{"confidence_interval":{"confidence_level":0.95,"lower_bound":-0.007026204572202238,"upper_bound":0.0026701106665821817},"point_estimate":-0.0028167694567554635,"standard_error":0.002464227813005077},"median":{"confidence_interval":{"confidence_level":0.95,"lower_bound":-0.008372340355632057,"upper_bound":0.0032590384395772},"point_estimate":-0.0050227960597534205,"standard_error":0.0027240384488793415}}