{"mean":{"confidence_interval":{"confidence_level":0.95,"lower_bound":0.0044685004599231476,"upper_bound":0.007540840018599502},"point_estimate":0.0059980521417797306,"standard_error":0.0007868847263756583},"median":{"confidence_interval":{"confidence_level":0.95,"lower_bound":0.0036891575420152645,"upper_bound":0.008573639370677899},"point_estimate":0.0061731073745119325,"standard_error":0.001185954552664734}}