{"mean":{"confidence_interval":{"confidence_level":0.95,"lower_bound":-0.0006870275201170728,"upper_bound":0.0005886916375992864},"point_estimate":-0.00002647040658254607,"standard_error":0.00032282843708005324},"median":{"confidence_interval":{"confidence_level":0.95,"lower_bound":-0.0005151569167572978,"upper_bound":0.000303338964035893},"point_estimate":-0.0002494447129186561,"standard_error":0.0002189957186861396}}