{"mean":{"confidence_interval":{"confidence_level":0.95,"lower_bound":-0.001592710866729005,"upper_bound":0.00774158952237336},"point_estimate":0.003075805460334813,"standard_error":0.00244118021193613},"median":{"confidence_interval":{"confidence_level":0.95,"lower_bound":-0.0028921624666919943,"upper_bound":0.0104694279798907},"point_estimate":0.0062230166241967755,"standard_error":0.003662101502558393}}