{"mean":{"confidence_interval":{"confidence_level":0.95,"lower_bound":325707217.810625,"upper_bound":326933554.22},"point_estimate":326309522.95,"standard_error":312656.19528173836},"median":{"confidence_interval":{"confidence_level":0.95,"lower_bound":325083031.25,"upper_bound":327098885.5},"point_estimate":326569906.25,"standard_error":650832.0669391701},"median_abs_dev":{"confidence_interval":{"confidence_level":0.95,"lower_bound":552870.7964345813,"upper_bound":2601237.221118808},"point_estimate":2064937.0739400387,"standard_error":550912.2841607383},"slope":null,"std_dev":{"confidence_interval":{"confidence_level":0.95,"lower_bound":1079670.8757921567,"upper_bound":1688726.7022048323},"point_estimate":1439100.9127896477,"standard_error":155838.35152344138}}