{"mean":{"confidence_interval":{"confidence_level":0.95,"lower_bound":27077647641.9,"upper_bound":27109554455.7575},"point_estimate":27093221054.3,"standard_error":8168541.796157866},"median":{"confidence_interval":{"confidence_level":0.95,"lower_bound":27069791833.5,"upper_bound":27116687188.0},"point_estimate":27091684812.5,"standard_error":13357634.124537105},"median_abs_dev":{"confidence_interval":{"confidence_level":0.95,"lower_bound":6118010.319283605,"upper_bound":47150106.93411827},"point_estimate":32945070.47470808,"standard_error":10809192.633071834},"slope":null,"std_dev":{"confidence_interval":{"confidence_level":0.95,"lower_bound":16056564.249137986,"upper_bound":32609160.90625781},"point_estimate":27227112.065357354,"standard_error":4153349.8774193055}}