{"mean":{"confidence_interval":{"confidence_level":0.95,"lower_bound":70906698.73075,"upper_bound":71182608.72},"point_estimate":71043322.95,"standard_error":70416.76665551684},"median":{"confidence_interval":{"confidence_level":0.95,"lower_bound":70709834.0,"upper_bound":70986459.0},"point_estimate":70807083.5,"standard_error":66987.48202401215},"median_abs_dev":{"confidence_interval":{"confidence_level":0.95,"lower_bound":337106.910315156,"upper_bound":645486.9635403156},"point_estimate":474277.80117988586,"standard_error":77952.36359136635},"slope":null,"std_dev":{"confidence_interval":{"confidence_level":0.95,"lower_bound":619151.612936793,"upper_bound":782154.7437149431},"point_estimate":710915.7958280329,"standard_error":41478.251518147874}}