{"mean":{"confidence_interval":{"confidence_level":0.95,"lower_bound":2349968815.75875,"upper_bound":2358748080.68625},"point_estimate":2353339598.0,"standard_error":2413935.551634818},"median":{"confidence_interval":{"confidence_level":0.95,"lower_bound":2349749417.0,"upper_bound":2353009396.0},"point_estimate":2351605208.5,"standard_error":828437.4436955021},"median_abs_dev":{"confidence_interval":{"confidence_level":0.95,"lower_bound":1321922.460231185,"upper_bound":5156358.91135633},"point_estimate":3624122.2318589687,"standard_error":1016471.3056962424},"slope":null,"std_dev":{"confidence_interval":{"confidence_level":0.95,"lower_bound":2337839.4065131177,"upper_bound":18027545.61062944},"point_estimate":11094159.597823689,"standard_error":5309315.089333988}}