{"mean":{"confidence_interval":{"confidence_level":0.95,"lower_bound":2341869107.96,"upper_bound":2350523430.2687497},"point_estimate":2345616683.4,"standard_error":2242315.7404281395},"median":{"confidence_interval":{"confidence_level":0.95,"lower_bound":2340406542.0,"upper_bound":2348660687.5},"point_estimate":2345000063.0,"standard_error":2740018.0160629833},"median_abs_dev":{"confidence_interval":{"confidence_level":0.95,"lower_bound":2061091.9509083033,"upper_bound":9856294.231715798},"point_estimate":6666139.390352368,"standard_error":1894618.5152681307},"slope":null,"std_dev":{"confidence_interval":{"confidence_level":0.95,"lower_bound":4350752.9833570635,"upper_bound":15766317.151270663},"point_estimate":10317947.484957596,"standard_error":3481039.9654532205}}