{"mean":{"confidence_interval":{"confidence_level":0.95,"lower_bound":2272179787.5975,"upper_bound":2276301254.31},"point_estimate":2274197554.15,"standard_error":1052013.1168489617},"median":{"confidence_interval":{"confidence_level":0.95,"lower_bound":2271518979.0,"upper_bound":2275645000.0},"point_estimate":2273828646.0,"standard_error":975402.9913269234},"median_abs_dev":{"confidence_interval":{"confidence_level":0.95,"lower_bound":1310278.1200379133,"upper_bound":7948001.999294758},"point_estimate":5196512.907743454,"standard_error":1740907.6207941521},"slope":null,"std_dev":{"confidence_interval":{"confidence_level":0.95,"lower_bound":3282443.5850105155,"upper_bound":5940190.4786703745},"point_estimate":4823564.664444623,"standard_error":680987.2414987013}}