{"mean":{"confidence_interval":{"confidence_level":0.95,"lower_bound":0.006452917017066699,"upper_bound":0.014150318122178327},"point_estimate":0.01073171348351698,"standard_error":0.0019742005105109713},"median":{"confidence_interval":{"confidence_level":0.95,"lower_bound":0.007930395383043187,"upper_bound":0.015431409050484346},"point_estimate":0.01213871474182171,"standard_error":0.002017472607288171}}