{"mean":{"confidence_interval":{"confidence_level":0.95,"lower_bound":33917655.5190441,"upper_bound":34210015.97443318},"point_estimate":34036153.60641053,"standard_error":78679.4075009013},"median":{"confidence_interval":{"confidence_level":0.95,"lower_bound":33903870.3125,"upper_bound":34084042.303030305},"point_estimate":33936337.22207792,"standard_error":42753.796501585064},"median_abs_dev":{"confidence_interval":{"confidence_level":0.95,"lower_bound":5299.155999561153,"upper_bound":217832.35737474705},"point_estimate":50474.80514298545,"standard_error":53461.04871074283},"slope":{"confidence_interval":{"confidence_level":0.95,"lower_bound":33894085.99534111,"upper_bound":34212270.5561149},"point_estimate":33989902.45643447,"standard_error":87208.33243873081},"std_dev":{"confidence_interval":{"confidence_level":0.95,"lower_bound":32719.16613063351,"upper_bound":390838.61729640927},"point_estimate":263455.61504433624,"standard_error":107849.04955818962}}