{"mean":{"confidence_interval":{"confidence_level":0.95,"lower_bound":-0.009953341995355075,"upper_bound":-0.006191788407255635},"point_estimate":-0.008243991971306874,"standard_error":0.0009750284873518876},"median":{"confidence_interval":{"confidence_level":0.95,"lower_bound":-0.009933328024085863,"upper_bound":-0.006893853917278148},"point_estimate":-0.008623407135951222,"standard_error":0.0007861009688799883}}