{"mean":{"confidence_interval":{"confidence_level":0.95,"lower_bound":14353691602.5,"upper_bound":14387033572.545},"point_estimate":14369466441.6,"standard_error":8596943.719715597},"median":{"confidence_interval":{"confidence_level":0.95,"lower_bound":14346737750.0,"upper_bound":14405564458.0},"point_estimate":14359461750.0,"standard_error":13522724.869069988},"median_abs_dev":{"confidence_interval":{"confidence_level":0.95,"lower_bound":4762667.090445757,"upper_bound":42512040.51066041},"point_estimate":19673885.932418704,"standard_error":10399340.480993176},"slope":null,"std_dev":{"confidence_interval":{"confidence_level":0.95,"lower_bound":10196075.796663258,"upper_bound":33388004.794622872},"point_estimate":28652019.12115349,"standard_error":4948435.342399054}}