{"mean":{"confidence_interval":{"confidence_level":0.95,"lower_bound":-0.008350539613525942,"upper_bound":-0.004982110770216251},"point_estimate":-0.006568748530052626,"standard_error":0.0008589047400593792},"median":{"confidence_interval":{"confidence_level":0.95,"lower_bound":-0.00820090884744129,"upper_bound":-0.004740816395207625},"point_estimate":-0.006136417353470924,"standard_error":0.0007786692002832511}}