{"mean":{"confidence_interval":{"confidence_level":0.95,"lower_bound":-0.01002726397673443,"upper_bound":0.001159412179654567},"point_estimate":-0.005113780909241528,"standard_error":0.0026900409524267775},"median":{"confidence_interval":{"confidence_level":0.95,"lower_bound":-0.010954650103983887,"upper_bound":0.006513949669110675},"point_estimate":-0.00992055066347619,"standard_error":0.004409298852723725}}