{"mean":{"confidence_interval":{"confidence_level":0.95,"lower_bound":55658301024.9,"upper_bound":56020832651.435},"point_estimate":55804274649.9,"standard_error":97839615.2157254},"median":{"confidence_interval":{"confidence_level":0.95,"lower_bound":55625322916.5,"upper_bound":55883875541.0},"point_estimate":55701307041.5,"standard_error":59428095.13696813},"median_abs_dev":{"confidence_interval":{"confidence_level":0.95,"lower_bound":8090764.5159602165,"upper_bound":276212204.6520531},"point_estimate":121654864.63729441,"standard_error":71298279.76384377},"slope":null,"std_dev":{"confidence_interval":{"confidence_level":0.95,"lower_bound":61183149.21844963,"upper_bound":492281925.74600077},"point_estimate":326985045.14203626,"standard_error":136735873.7987588}}