{"mean":{"confidence_interval":{"confidence_level":0.95,"lower_bound":0.0005535036655329852,"upper_bound":0.0082734011673153},"point_estimate":0.0042960992070579795,"standard_error":0.0019495419291637522},"median":{"confidence_interval":{"confidence_level":0.95,"lower_bound":-0.001415633777915093,"upper_bound":0.008563965846604349},"point_estimate":0.00399196322443629,"standard_error":0.0026057353031563118}}