{"mean":{"confidence_interval":{"confidence_level":0.95,"lower_bound":-0.01635034080194842,"upper_bound":-0.007444781971868074},"point_estimate":-0.012158813444233862,"standard_error":0.002277814797007575},"median":{"confidence_interval":{"confidence_level":0.95,"lower_bound":-0.019113735386885714,"upper_bound":-0.006200309842626872},"point_estimate":-0.011528826925463864,"standard_error":0.0033665540630695373}}