{"mean":{"confidence_interval":{"confidence_level":0.95,"lower_bound":-0.008446185321405286,"upper_bound":0.00024536512590862114},"point_estimate":-0.0039053575657328476,"standard_error":0.002204077412666259},"median":{"confidence_interval":{"confidence_level":0.95,"lower_bound":-0.009155765935889848,"upper_bound":0.0008818605969553861},"point_estimate":-0.0034750173689381825,"standard_error":0.002465702388342135}}