{"mean":{"confidence_interval":{"confidence_level":0.95,"lower_bound":0.050948359577912786,"upper_bound":0.0695847276139328},"point_estimate":0.06009056989580852,"standard_error":0.004791893049986958},"median":{"confidence_interval":{"confidence_level":0.95,"lower_bound":0.04567061908642356,"upper_bound":0.07815000176453624},"point_estimate":0.05991900922718152,"standard_error":0.009541889481262942}}