{"mean":{"confidence_interval":{"confidence_level":0.95,"lower_bound":0.01827778323716798,"upper_bound":0.02677280193640905},"point_estimate":0.022624527795974902,"standard_error":0.0021647331546942954},"median":{"confidence_interval":{"confidence_level":0.95,"lower_bound":0.018230895932581474,"upper_bound":0.027686721229955413},"point_estimate":0.022320211219441832,"standard_error":0.0023225681406699576}}