{"mean":{"confidence_interval":{"confidence_level":0.95,"lower_bound":-0.02084872439542972,"upper_bound":-0.013749030661869988},"point_estimate":-0.017065209384315994,"standard_error":0.0018167591486477081},"median":{"confidence_interval":{"confidence_level":0.95,"lower_bound":-0.020720670947847575,"upper_bound":-0.01190292911248092},"point_estimate":-0.015162840942077316,"standard_error":0.0021411179200239486}}