{"mean":{"confidence_interval":{"confidence_level":0.95,"lower_bound":-0.03501225767361248,"upper_bound":-0.026713630194865196},"point_estimate":-0.03119414002367371,"standard_error":0.0021544613199082872},"median":{"confidence_interval":{"confidence_level":0.95,"lower_bound":-0.03670090557669847,"upper_bound":-0.024467519276904937},"point_estimate":-0.0323654878366445,"standard_error":0.0028186546330583127}}