csv,label,k,schedule,proof_bytes,prove_s,verify_ms,prove_elems_per_s,delta_size_pct_vs_paper,delta_prove_pct_vs_paper,delta_verify_pct_vs_paper,delta_throughput_pct_vs_paper
csv,paper,11,[16,16,8],39592,1.846575,103.453,1109.080524,0.00,0.00,0.00,0.00
csv,paper,12,[16,16,8],52000,3.639074,130.903,1125.561115,0.00,0.00,0.00,0.00
csv,paper,13,[16,16,8],60968,7.083155,151.622,1156.546792,0.00,0.00,0.00,0.00
csv,paper,14,[16,16,8],72936,14.284426,171.774,1146.983405,0.00,0.00,0.00,0.00
csv,paper,15,[16,16,8],87736,28.362805,193.050,1155.315918,0.00,0.00,0.00,0.00
csv,paper,16,[16,16,8],101976,57.143021,212.012,1146.876711,0.00,0.00,0.00,0.00
csv,paper,17,[16,16,8],119952,112.945244,238.120,1160.491534,0.00,0.00,0.00,0.00
csv,paper,18,[16,16,8],140032,225.465686,258.303,1162.678030,0.00,0.00,0.00,0.00
