{"mean":{"confidence_interval":{"confidence_level":0.95,"lower_bound":54393146846.655,"upper_bound":55615593133.2},"point_estimate":54904818233.2,"standard_error":321954980.9822229},"median":{"confidence_interval":{"confidence_level":0.95,"lower_bound":54134894750.0,"upper_bound":55137272396.0},"point_estimate":54685146687.0,"standard_error":302884186.31511873},"median_abs_dev":{"confidence_interval":{"confidence_level":0.95,"lower_bound":95957947.44640589,"upper_bound":1251773519.7227776},"point_estimate":680158027.2372812,"standard_error":279383421.6642263},"slope":null,"std_dev":{"confidence_interval":{"confidence_level":0.95,"lower_bound":353432230.40069395,"upper_bound":1588789600.3333774},"point_estimate":1072433451.2380347,"standard_error":397093347.8108171}}