{"mean":{"confidence_interval":{"confidence_level":0.95,"lower_bound":27378741887.7,"upper_bound":27628276554.225},"point_estimate":27488815900.2,"standard_error":64554192.8728466},"median":{"confidence_interval":{"confidence_level":0.95,"lower_bound":27341098000.0,"upper_bound":27609604125.0},"point_estimate":27409436625.0,"standard_error":61565175.45508027},"median_abs_dev":{"confidence_interval":{"confidence_level":0.95,"lower_bound":13108438.060578704,"upper_bound":280587234.1185808},"point_estimate":103056697.64827788,"standard_error":67522927.13548909},"slope":null,"std_dev":{"confidence_interval":{"confidence_level":0.95,"lower_bound":53601743.79941047,"upper_bound":292789895.32829016},"point_estimate":215562810.86368716,"standard_error":64406067.42399539}}