{"mean":{"confidence_interval":{"confidence_level":0.95,"lower_bound":-0.00985525677459737,"upper_bound":-0.0017313344130049342},"point_estimate":-0.00490191311192556,"standard_error":0.002205320894678522},"median":{"confidence_interval":{"confidence_level":0.95,"lower_bound":-0.004706100886551101,"upper_bound":-0.0004192132108735702},"point_estimate":-0.0034411146559567563,"standard_error":0.0011964886587565724}}