{"mean":{"confidence_interval":{"confidence_level":0.95,"lower_bound":0.03260845599378916,"upper_bound":0.057401055042564826},"point_estimate":0.045726269416843435,"standard_error":0.006384849804141557},"median":{"confidence_interval":{"confidence_level":0.95,"lower_bound":0.033751429314109904,"upper_bound":0.06633056887062416},"point_estimate":0.05406948026459779,"standard_error":0.0101420845221475}}