{"mean":{"confidence_interval":{"confidence_level":0.95,"lower_bound":-0.02424990666410875,"upper_bound":-0.01667097958547669},"point_estimate":-0.020367331725239857,"standard_error":0.0019300174980122586},"median":{"confidence_interval":{"confidence_level":0.95,"lower_bound":-0.023104106360003374,"upper_bound":-0.016194530808678054},"point_estimate":-0.020071995196161874,"standard_error":0.0017417431353742147}}