{"mean":{"confidence_interval":{"confidence_level":0.95,"lower_bound":-0.0005793302524059452,"upper_bound":0.013525574063290453},"point_estimate":0.0056381272874497235,"standard_error":0.003652572704859545},"median":{"confidence_interval":{"confidence_level":0.95,"lower_bound":-0.0015015134803283425,"upper_bound":0.009435312221058645},"point_estimate":0.004995771035336549,"standard_error":0.002920884746380085}}