{"mean":{"confidence_interval":{"confidence_level":0.95,"lower_bound":0.021086512899915894,"upper_bound":0.03595919393963244},"point_estimate":0.02822888872463203,"standard_error":0.003787874311794913},"median":{"confidence_interval":{"confidence_level":0.95,"lower_bound":0.022162701104631033,"upper_bound":0.03185144022894404},"point_estimate":0.026009620865562688,"standard_error":0.0022605500059975684}}