{"mean":{"confidence_interval":{"confidence_level":0.95,"lower_bound":-0.020821275148517393,"upper_bound":-0.005404576069118006},"point_estimate":-0.01455064847271692,"standard_error":0.003995378192554375},"median":{"confidence_interval":{"confidence_level":0.95,"lower_bound":-0.01977188402255292,"upper_bound":-0.010288492182674136},"point_estimate":-0.017803219026799044,"standard_error":0.00222250562095048}}