{"mean":{"confidence_interval":{"confidence_level":0.95,"lower_bound":-0.010915850847226516,"upper_bound":-0.00016558338857093911},"point_estimate":-0.005267629442934796,"standard_error":0.0027471132726153034},"median":{"confidence_interval":{"confidence_level":0.95,"lower_bound":-0.011786410308191497,"upper_bound":0.004066599595828446},"point_estimate":-0.0024720891116353227,"standard_error":0.003933828973301121}}