{"mean":{"confidence_interval":{"confidence_level":0.95,"lower_bound":-0.02322144908728152,"upper_bound":-0.013075073855806644},"point_estimate":-0.01813682847079201,"standard_error":0.0026286184202125046},"median":{"confidence_interval":{"confidence_level":0.95,"lower_bound":-0.02568304773168173,"upper_bound":-0.016548260464526066},"point_estimate":-0.01994199277388542,"standard_error":0.0023899444463826294}}