{"mean":{"confidence_interval":{"confidence_level":0.95,"lower_bound":56540841458.9925,"upper_bound":56665299079.2},"point_estimate":56604678329.2,"standard_error":31916427.668718085},"median":{"confidence_interval":{"confidence_level":0.95,"lower_bound":56532268229.5,"upper_bound":56704350916.0},"point_estimate":56608150437.5,"standard_error":42314549.855356514},"median_abs_dev":{"confidence_interval":{"confidence_level":0.95,"lower_bound":30135327.064990997,"upper_bound":175815787.28624582},"point_estimate":127564383.59397948,"standard_error":40195488.426749386},"slope":null,"std_dev":{"confidence_interval":{"confidence_level":0.95,"lower_bound":59257468.6076356,"upper_bound":134248438.40541685},"point_estimate":106292649.060223,"standard_error":19352651.624382988}}