{"mean":{"confidence_interval":{"confidence_level":0.95,"lower_bound":-0.02266573304047823,"upper_bound":-0.01782702756055386},"point_estimate":-0.020162713978307822,"standard_error":0.001238353002921524},"median":{"confidence_interval":{"confidence_level":0.95,"lower_bound":-0.024480544880040145,"upper_bound":-0.016119570715227405},"point_estimate":-0.021746945303403376,"standard_error":0.002222521126708846}}