{"mean":{"confidence_interval":{"confidence_level":0.95,"lower_bound":-0.002034390854360533,"upper_bound":0.003921305659732544},"point_estimate":0.0009477411172780226,"standard_error":0.001521046032443796},"median":{"confidence_interval":{"confidence_level":0.95,"lower_bound":-0.003752312500633348,"upper_bound":0.005815211082345728},"point_estimate":0.0013195910589045567,"standard_error":0.002418387713003806}}