{"mean":{"confidence_interval":{"confidence_level":0.95,"lower_bound":-0.02208726183719587,"upper_bound":-0.013947787918195636},"point_estimate":-0.01798137545670786,"standard_error":0.0020703193719572915},"median":{"confidence_interval":{"confidence_level":0.95,"lower_bound":-0.02637432229385528,"upper_bound":-0.011624203712956471},"point_estimate":-0.020284150570970882,"standard_error":0.0038437960566017706}}