{"mean":{"confidence_interval":{"confidence_level":0.95,"lower_bound":0.02859647588452474,"upper_bound":0.035158969070242664},"point_estimate":0.03184880956987479,"standard_error":0.0016682067917436455},"median":{"confidence_interval":{"confidence_level":0.95,"lower_bound":0.026271807341513354,"upper_bound":0.03667554339733892},"point_estimate":0.03215163449531766,"standard_error":0.0027032260325502667}}