{"mean":{"confidence_interval":{"confidence_level":0.95,"lower_bound":0.02277171132579709,"upper_bound":0.029965038222257562},"point_estimate":0.026480862313788434,"standard_error":0.001841077439102482},"median":{"confidence_interval":{"confidence_level":0.95,"lower_bound":0.02149144660418112,"upper_bound":0.03185916158199076},"point_estimate":0.02757376863381622,"standard_error":0.0027451054055042247}}