{"mean":{"confidence_interval":{"confidence_level":0.95,"lower_bound":-0.010271719575516128,"upper_bound":-0.002456744573413136},"point_estimate":-0.006441633599541752,"standard_error":0.002006816993993153},"median":{"confidence_interval":{"confidence_level":0.95,"lower_bound":-0.01275650894795155,"upper_bound":-0.0008156003230085362},"point_estimate":-0.005986438447984854,"standard_error":0.0031034927061461782}}