{"mean":{"confidence_interval":{"confidence_level":0.95,"lower_bound":-0.011445620505258328,"upper_bound":0.007405465431328344},"point_estimate":0.000025167841936069024,"standard_error":0.005134765637404134},"median":{"confidence_interval":{"confidence_level":0.95,"lower_bound":-0.00047321124252586166,"upper_bound":0.009689474451732627},"point_estimate":0.005941689547082962,"standard_error":0.0025736574001736156}}