{"mean":{"confidence_interval":{"confidence_level":0.95,"lower_bound":-0.04967549087483888,"upper_bound":-0.04477015964162443},"point_estimate":-0.047261947151753025,"standard_error":0.0012490465980447894},"median":{"confidence_interval":{"confidence_level":0.95,"lower_bound":-0.05184735490833592,"upper_bound":-0.04265306938438573},"point_estimate":-0.04577773704866017,"standard_error":0.0024396152114132875}}