{"mean":{"confidence_interval":{"confidence_level":0.95,"lower_bound":-0.0001847258944329709,"upper_bound":0.005484005044555854},"point_estimate":0.0026372867117701038,"standard_error":0.0014327916807873116},"median":{"confidence_interval":{"confidence_level":0.95,"lower_bound":-0.002583787772721946,"upper_bound":0.00541001700704502},"point_estimate":-0.00018570178596577502,"standard_error":0.002293784073510369}}