{"mean":{"confidence_interval":{"confidence_level":0.95,"lower_bound":0.00039634975376796064,"upper_bound":0.008832505976621734},"point_estimate":0.004174693588620881,"standard_error":0.0022808667017475636},"median":{"confidence_interval":{"confidence_level":0.95,"lower_bound":-0.0005433248024466764,"upper_bound":0.00864403919212653},"point_estimate":0.00006089234004313937,"standard_error":0.002506581650317818}}