{"mean":{"confidence_interval":{"confidence_level":0.95,"lower_bound":0.013493080459281229,"upper_bound":0.02617711071345419},"point_estimate":0.020293264557311508,"standard_error":0.0032764650151257515},"median":{"confidence_interval":{"confidence_level":0.95,"lower_bound":0.013227147317362409,"upper_bound":0.03105933990946186},"point_estimate":0.029141838035732448,"standard_error":0.005492485589328976}}