{"mean":{"confidence_interval":{"confidence_level":0.95,"lower_bound":-0.018938878864174374,"upper_bound":-0.012556645049625502},"point_estimate":-0.016312990245860193,"standard_error":0.0016677368998826853},"median":{"confidence_interval":{"confidence_level":0.95,"lower_bound":-0.019218275395406437,"upper_bound":-0.016930160540521322},"point_estimate":-0.017995863799791678,"standard_error":0.0005791912910667945}}