{"mean":{"confidence_interval":{"confidence_level":0.95,"lower_bound":0.0019278501598544446,"upper_bound":0.004336796360130334},"point_estimate":0.0031767664511557214,"standard_error":0.0006141526759351965},"median":{"confidence_interval":{"confidence_level":0.95,"lower_bound":0.001954973190875675,"upper_bound":0.004772474419183936},"point_estimate":0.003251309601427055,"standard_error":0.0006897110199654916}}