{"mean":{"confidence_interval":{"confidence_level":0.95,"lower_bound":127248733.61277083,"upper_bound":128562979.73838624},"point_estimate":127868699.41014549,"standard_error":338742.3263823791},"median":{"confidence_interval":{"confidence_level":0.95,"lower_bound":127044700.16666667,"upper_bound":128738297.87037037},"point_estimate":127440710.43333334,"standard_error":447032.9547515819},"median_abs_dev":{"confidence_interval":{"confidence_level":0.95,"lower_bound":104456.5176055299,"upper_bound":1849206.488957531},"point_estimate":699186.7345869541,"standard_error":451420.0574514218},"slope":{"confidence_interval":{"confidence_level":0.95,"lower_bound":127365862.71936275,"upper_bound":129336830.98668924},"point_estimate":128669677.23203464,"standard_error":469644.49952307047},"std_dev":{"confidence_interval":{"confidence_level":0.95,"lower_bound":454904.5307222936,"upper_bound":1380124.4948234733},"point_estimate":1132491.575056488,"standard_error":221050.8282017006}}