{"mean":{"confidence_interval":{"confidence_level":0.95,"lower_bound":-0.011402911353121738,"upper_bound":-0.008139917106657787},"point_estimate":-0.0097471335475382,"standard_error":0.0008311499274856187},"median":{"confidence_interval":{"confidence_level":0.95,"lower_bound":-0.011643197932476368,"upper_bound":-0.007806951695941922},"point_estimate":-0.00958068882973917,"standard_error":0.0009364931982118698}}