{"mean":{"confidence_interval":{"confidence_level":0.95,"lower_bound":582532112.4862499,"upper_bound":585048352.87375},"point_estimate":583761727.0,"standard_error":646176.5185122276},"median":{"confidence_interval":{"confidence_level":0.95,"lower_bound":581034791.5,"upper_bound":585718103.5},"point_estimate":583005958.0,"standard_error":1259029.0282671326},"median_abs_dev":{"confidence_interval":{"confidence_level":0.95,"lower_bound":606383.3892345428,"upper_bound":5086862.778890133},"point_estimate":3190184.4933629036,"standard_error":1170085.5590294849},"slope":null,"std_dev":{"confidence_interval":{"confidence_level":0.95,"lower_bound":2244920.168509782,"upper_bound":3379013.632967238},"point_estimate":2964472.7792271846,"standard_error":289355.4765396278}}