{"mean":{"confidence_interval":{"confidence_level":0.95,"lower_bound":-0.012977325468380011,"upper_bound":-0.008422818241588819},"point_estimate":-0.010743878649559169,"standard_error":0.0011677515724140878},"median":{"confidence_interval":{"confidence_level":0.95,"lower_bound":-0.014361290092384071,"upper_bound":-0.007820999457541888},"point_estimate":-0.011358639750374544,"standard_error":0.0016450237083103642}}