{"mean":{"confidence_interval":{"confidence_level":0.95,"lower_bound":13652747733.2,"upper_bound":13679939662.5},"point_estimate":13664774183.2,"standard_error":6963276.286269984},"median":{"confidence_interval":{"confidence_level":0.95,"lower_bound":13647734333.0,"upper_bound":13682097833.5},"point_estimate":13657765354.0,"standard_error":6520281.335972294},"median_abs_dev":{"confidence_interval":{"confidence_level":0.95,"lower_bound":1853281.1016976833,"upper_bound":33191583.113631606},"point_estimate":11341642.945745587,"standard_error":6926872.110276971},"slope":null,"std_dev":{"confidence_interval":{"confidence_level":0.95,"lower_bound":5547295.224911288,"upper_bound":29381836.77553574},"point_estimate":23219824.31075813,"standard_error":6385245.049297967}}