{"mean":{"confidence_interval":{"confidence_level":0.95,"lower_bound":14101869421.0,"upper_bound":14154130645.705},"point_estimate":14126915229.2,"standard_error":13411860.822578173},"median":{"confidence_interval":{"confidence_level":0.95,"lower_bound":14087223187.5,"upper_bound":14167671875.0},"point_estimate":14109907791.5,"standard_error":25435308.1017664},"median_abs_dev":{"confidence_interval":{"confidence_level":0.95,"lower_bound":2181615.467968583,"upper_bound":73221781.66165352},"point_estimate":36241167.46239066,"standard_error":20896627.051866647},"slope":null,"std_dev":{"confidence_interval":{"confidence_level":0.95,"lower_bound":26215184.5673667,"upper_bound":53703498.29256862},"point_estimate":44640585.107530795,"standard_error":7106005.310593991}}