{"mean":{"confidence_interval":{"confidence_level":0.95,"lower_bound":55839514041.817505,"upper_bound":56024037582.865005},"point_estimate":55906836091.4,"standard_error":53430156.680201806},"median":{"confidence_interval":{"confidence_level":0.95,"lower_bound":55833124083.0,"upper_bound":55884619625.0},"point_estimate":55848574166.5,"standard_error":21335065.152105723},"median_abs_dev":{"confidence_interval":{"confidence_level":0.95,"lower_bound":2088150.1417279243,"upper_bound":69247889.6331042},"point_estimate":33200540.982672572,"standard_error":21367482.118339956},"slope":null,"std_dev":{"confidence_interval":{"confidence_level":0.95,"lower_bound":19167149.410078455,"upper_bound":274271682.7775102},"point_estimate":178374488.42290914,"standard_error":90828623.27936025}}