{"mean":{"confidence_interval":{"confidence_level":0.95,"lower_bound":0.0012780591829247303,"upper_bound":0.006329505476234615},"point_estimate":0.004146983984616881,"standard_error":0.001307657145302741},"median":{"confidence_interval":{"confidence_level":0.95,"lower_bound":0.0033119272343391515,"upper_bound":0.006058017024678897},"point_estimate":0.005245971019540274,"standard_error":0.000685683264916547}}