{"mean":{"confidence_interval":{"confidence_level":0.95,"lower_bound":-0.001255225185470124,"upper_bound":0.0034801918761700242},"point_estimate":0.0009203064120808513,"standard_error":0.0011999557603846122},"median":{"confidence_interval":{"confidence_level":0.95,"lower_bound":-0.001018770128150548,"upper_bound":0.0017497582525436428},"point_estimate":0.0009038850550824318,"standard_error":0.0008089686627661369}}