{"mean":{"confidence_interval":{"confidence_level":0.95,"lower_bound":-0.008610365785341242,"upper_bound":-0.00010158562444325428},"point_estimate":-0.0043187613010650105,"standard_error":0.0021922437811696415},"median":{"confidence_interval":{"confidence_level":0.95,"lower_bound":-0.010269738162392739,"upper_bound":0.0014598748414422769},"point_estimate":-0.000527015946626852,"standard_error":0.0037414150755221637}}