{"mean":{"confidence_interval":{"confidence_level":0.95,"lower_bound":0.015193086193046558,"upper_bound":0.020984067556478306},"point_estimate":0.0181021499423204,"standard_error":0.0014717231334197927},"median":{"confidence_interval":{"confidence_level":0.95,"lower_bound":0.015736717166648262,"upper_bound":0.019745902212806588},"point_estimate":0.017858811320766055,"standard_error":0.0009665263951348697}}