{"mean":{"confidence_interval":{"confidence_level":0.95,"lower_bound":-0.0031321954377520524,"upper_bound":0.00719207794538703},"point_estimate":0.0017273344032571192,"standard_error":0.002632684677373574},"median":{"confidence_interval":{"confidence_level":0.95,"lower_bound":-0.005254706895242434,"upper_bound":0.00725440416415446},"point_estimate":-0.0005405184983267031,"standard_error":0.0031219737128789136}}