{"mean":{"confidence_interval":{"confidence_level":0.95,"lower_bound":-0.08070577761275186,"upper_bound":0.018581990070018855},"point_estimate":-0.017638537018416667,"standard_error":0.030641972280888812},"median":{"confidence_interval":{"confidence_level":0.95,"lower_bound":0.013108434934115065,"upper_bound":0.019100798209160885},"point_estimate":0.017743348306538342,"standard_error":0.006869744901749577}}