{"mean":{"confidence_interval":{"confidence_level":0.95,"lower_bound":-0.002745966061773423,"upper_bound":0.01986787016265317},"point_estimate":0.006547531174280863,"standard_error":0.006080881547702875},"median":{"confidence_interval":{"confidence_level":0.95,"lower_bound":-0.007533124994944296,"upper_bound":0.009535412004466393},"point_estimate":0.002600665906578259,"standard_error":0.005748116545485915}}