{"mean":{"confidence_interval":{"confidence_level":0.95,"lower_bound":0.002279555042585728,"upper_bound":0.010562742432847416},"point_estimate":0.007114854099918855,"standard_error":0.0021307505175761593},"median":{"confidence_interval":{"confidence_level":0.95,"lower_bound":0.005721697766710054,"upper_bound":0.012876849139521473},"point_estimate":0.008528561620338326,"standard_error":0.0018307261599071515}}