{"mean":{"confidence_interval":{"confidence_level":0.95,"lower_bound":0.002267405763049036,"upper_bound":0.010857567290555557},"point_estimate":0.006646844881070368,"standard_error":0.002202887354937362},"median":{"confidence_interval":{"confidence_level":0.95,"lower_bound":-0.002555528119048911,"upper_bound":0.01137131304863459},"point_estimate":0.008286637297542532,"standard_error":0.0032406576920126955}}