{"mean":{"confidence_interval":{"confidence_level":0.95,"lower_bound":13958704305.787498,"upper_bound":14074114749.9},"point_estimate":14022434924.9,"standard_error":29341674.85913},"median":{"confidence_interval":{"confidence_level":0.95,"lower_bound":13955979208.0,"upper_bound":14080133542.0},"point_estimate":14070444208.5,"standard_error":30692438.453217044},"median_abs_dev":{"confidence_interval":{"confidence_level":0.95,"lower_bound":1584373.7901717424,"upper_bound":121319549.44904745},"point_estimate":15949779.382234812,"standard_error":29819318.807599675},"slope":null,"std_dev":{"confidence_interval":{"confidence_level":0.95,"lower_bound":7959128.871006173,"upper_bound":122080264.47730702},"point_estimate":97969786.43009205,"standard_error":27622241.60748329}}