{"mean":{"confidence_interval":{"confidence_level":0.95,"lower_bound":-0.007328386230401604,"upper_bound":-0.004140141313013561},"point_estimate":-0.0056630561590399475,"standard_error":0.0008185099140075279},"median":{"confidence_interval":{"confidence_level":0.95,"lower_bound":-0.008694878768857772,"upper_bound":-0.0036546315917012073},"point_estimate":-0.005489113665481438,"standard_error":0.0011105784950705706}}