{"mean":{"confidence_interval":{"confidence_level":0.95,"lower_bound":0.010410252203338544,"upper_bound":0.023073800954231397},"point_estimate":0.017048966506255203,"standard_error":0.0032220049704093055},"median":{"confidence_interval":{"confidence_level":0.95,"lower_bound":0.011995495965548386,"upper_bound":0.027472334445506563},"point_estimate":0.0203921296595988,"standard_error":0.0032630181835202137}}