{"mean":{"confidence_interval":{"confidence_level":0.95,"lower_bound":0.007227706762747988,"upper_bound":0.016272070149178686},"point_estimate":0.011507827561709982,"standard_error":0.002383956779113643},"median":{"confidence_interval":{"confidence_level":0.95,"lower_bound":0.004293660627096463,"upper_bound":0.014228389826387078},"point_estimate":0.011233497584108632,"standard_error":0.0024665421290743714}}