{"mean":{"confidence_interval":{"confidence_level":0.95,"lower_bound":-0.08944843177941766,"upper_bound":-0.08670296436064073},"point_estimate":-0.08807600496661006,"standard_error":0.0007051867252648177},"median":{"confidence_interval":{"confidence_level":0.95,"lower_bound":-0.08933841468057668,"upper_bound":-0.0852330380192361},"point_estimate":-0.08829313556653406,"standard_error":0.0009724493456555453}}