{"mean":{"confidence_interval":{"confidence_level":0.95,"lower_bound":-0.007684722197815736,"upper_bound":-0.005262217930166253},"point_estimate":-0.006587825275740866,"standard_error":0.0006167170624119733},"median":{"confidence_interval":{"confidence_level":0.95,"lower_bound":-0.00812552218300322,"upper_bound":-0.005454006335061212},"point_estimate":-0.007343289601485892,"standard_error":0.0006346086145669658}}