{"mean":{"confidence_interval":{"confidence_level":0.95,"lower_bound":-0.004733957600759058,"upper_bound":0.00047642699069291855},"point_estimate":-0.001519386787989685,"standard_error":0.0014523717426713314},"median":{"confidence_interval":{"confidence_level":0.95,"lower_bound":-0.0010485300299667433,"upper_bound":0.0006382925495957981},"point_estimate":-0.00009771071475406234,"standard_error":0.0005504284981284737}}