{"mean":{"confidence_interval":{"confidence_level":0.95,"lower_bound":0.007202580637828337,"upper_bound":0.012555726302237996},"point_estimate":0.00986281558901414,"standard_error":0.0013661271536670456},"median":{"confidence_interval":{"confidence_level":0.95,"lower_bound":0.00543560006997712,"upper_bound":0.013515064472431781},"point_estimate":0.007888422867765366,"standard_error":0.0022002773852959744}}