{"mean":{"confidence_interval":{"confidence_level":0.95,"lower_bound":0.0179489768721597,"upper_bound":0.028269203435034366},"point_estimate":0.02297355193007955,"standard_error":0.0026061844968433235},"median":{"confidence_interval":{"confidence_level":0.95,"lower_bound":0.016533365680410972,"upper_bound":0.028892918134932444},"point_estimate":0.022826158575166122,"standard_error":0.003326300461445457}}