{"mean":{"confidence_interval":{"confidence_level":0.95,"lower_bound":-0.0019054289163278912,"upper_bound":0.008605527222062941},"point_estimate":0.003382289713629527,"standard_error":0.0026918831955637123},"median":{"confidence_interval":{"confidence_level":0.95,"lower_bound":-0.0030543895597935355,"upper_bound":0.010020033841950049},"point_estimate":0.00301088442622377,"standard_error":0.003763068467954479}}