{"mean":{"confidence_interval":{"confidence_level":0.95,"lower_bound":0.006854907464119964,"upper_bound":0.015324856621072944},"point_estimate":0.011219255894563407,"standard_error":0.002159755567657945},"median":{"confidence_interval":{"confidence_level":0.95,"lower_bound":0.003854688234041115,"upper_bound":0.013457595870865369},"point_estimate":0.008835838003488306,"standard_error":0.0025484552111048313}}