{"mean":{"confidence_interval":{"confidence_level":0.95,"lower_bound":0.0478113830142173,"upper_bound":0.06746634174499568},"point_estimate":0.05700478433950984,"standard_error":0.004971821619085451},"median":{"confidence_interval":{"confidence_level":0.95,"lower_bound":0.04504088244047688,"upper_bound":0.0743343457676442},"point_estimate":0.05077514777415493,"standard_error":0.007552112143736451}}