{"mean":{"confidence_interval":{"confidence_level":0.95,"lower_bound":-0.03333833190253037,"upper_bound":-0.02075305070586491},"point_estimate":-0.0267766629024232,"standard_error":0.0032159803598450685},"median":{"confidence_interval":{"confidence_level":0.95,"lower_bound":-0.03439304893818629,"upper_bound":-0.016919567936828805},"point_estimate":-0.02406747295176459,"standard_error":0.0044214269958003}}