{"mean":{"confidence_interval":{"confidence_level":0.95,"lower_bound":-0.033076304624656536,"upper_bound":-0.023073685238228628},"point_estimate":-0.028187744112170066,"standard_error":0.0024318038179701428},"median":{"confidence_interval":{"confidence_level":0.95,"lower_bound":-0.03635432949150019,"upper_bound":-0.022987690779773806},"point_estimate":-0.026988160376356318,"standard_error":0.0032358537486277556}}