{"mean":{"confidence_interval":{"confidence_level":0.95,"lower_bound":-0.023300453984773352,"upper_bound":-0.013229052396658423},"point_estimate":-0.018011235225176003,"standard_error":0.0025713898868055867},"median":{"confidence_interval":{"confidence_level":0.95,"lower_bound":-0.02216371182037946,"upper_bound":-0.012614819504528252},"point_estimate":-0.01653679019843579,"standard_error":0.002538507385265787}}