{"mean":{"confidence_interval":{"confidence_level":0.95,"lower_bound":-0.0022774140971518753,"upper_bound":0.0020249665779008994},"point_estimate":0.00034286520396542564,"standard_error":0.0011818500812697651},"median":{"confidence_interval":{"confidence_level":0.95,"lower_bound":0.00019167752189885867,"upper_bound":0.002667624188679163},"point_estimate":0.001791596682092944,"standard_error":0.0006562420834533246}}