{"mean":{"confidence_interval":{"confidence_level":0.95,"lower_bound":0.012235488033041336,"upper_bound":0.01728765196276606},"point_estimate":0.015221403780924403,"standard_error":0.0013521316000312297},"median":{"confidence_interval":{"confidence_level":0.95,"lower_bound":0.01518442486095517,"upper_bound":0.01781080075864483},"point_estimate":0.01610916021353237,"standard_error":0.0007698195580612092}}