{"mean":{"confidence_interval":{"confidence_level":0.95,"lower_bound":-0.0077395351709014315,"upper_bound":-0.001355704610832307},"point_estimate":-0.0039055094249630384,"standard_error":0.0017099440711093922},"median":{"confidence_interval":{"confidence_level":0.95,"lower_bound":-0.004128351269987007,"upper_bound":-0.00041350274153317823},"point_estimate":-0.002938730800146838,"standard_error":0.0010618289628000434}}