{"mean":{"confidence_interval":{"confidence_level":0.95,"lower_bound":-0.010345007391535174,"upper_bound":-0.003264366364067703},"point_estimate":-0.007216389756386721,"standard_error":0.00178083001784314},"median":{"confidence_interval":{"confidence_level":0.95,"lower_bound":-0.009452288660691588,"upper_bound":-0.0062657992422812114},"point_estimate":-0.008219898252349034,"standard_error":0.0010319430618159606}}