{"mean":{"confidence_interval":{"confidence_level":0.95,"lower_bound":732281688.90575,"upper_bound":734119973.67},"point_estimate":733159263.3,"standard_error":467126.33752241614},"median":{"confidence_interval":{"confidence_level":0.95,"lower_bound":731735708.0,"upper_bound":734233291.0},"point_estimate":732572375.0,"standard_error":617546.1382516539},"median_abs_dev":{"confidence_interval":{"confidence_level":0.95,"lower_bound":2856474.960887432,"upper_bound":4958215.355274081},"point_estimate":3670578.0194342136,"standard_error":529466.0629129284},"slope":null,"std_dev":{"confidence_interval":{"confidence_level":0.95,"lower_bound":3364244.659125598,"upper_bound":6285545.178745955},"point_estimate":4676403.0562624885,"standard_error":826833.4623182144}}