{"mean":{"confidence_interval":{"confidence_level":0.95,"lower_bound":13631399466.7,"upper_bound":13664740183.1},"point_estimate":13647558666.6,"standard_error":8574819.355499452},"median":{"confidence_interval":{"confidence_level":0.95,"lower_bound":13625690271.0,"upper_bound":13673844792.0},"point_estimate":13638618000.0,"standard_error":14123692.168193052},"median_abs_dev":{"confidence_interval":{"confidence_level":0.95,"lower_bound":1045047.6564466953,"upper_bound":46595459.61226523},"point_estimate":24880528.704482317,"standard_error":12135180.50516048},"slope":null,"std_dev":{"confidence_interval":{"confidence_level":0.95,"lower_bound":16029246.050985105,"upper_bound":34311091.82624352},"point_estimate":28571676.542349562,"standard_error":4533561.352693192}}