{"mean":{"confidence_interval":{"confidence_level":0.95,"lower_bound":0.010369986783351921,"upper_bound":0.013540596908545127},"point_estimate":0.012045078887642946,"standard_error":0.0008130178868841007},"median":{"confidence_interval":{"confidence_level":0.95,"lower_bound":0.010669761871916261,"upper_bound":0.01433064589232047},"point_estimate":0.012511861367277666,"standard_error":0.0008876130830730141}}