{"mean":{"confidence_interval":{"confidence_level":0.95,"lower_bound":0.013402116814976456,"upper_bound":0.051628925485577334},"point_estimate":0.030080018102113693,"standard_error":0.00989033656803044},"median":{"confidence_interval":{"confidence_level":0.95,"lower_bound":0.003968636031617789,"upper_bound":0.05989634498384255},"point_estimate":0.012091503275514004,"standard_error":0.01670790912761886}}