{"mean":{"confidence_interval":{"confidence_level":0.95,"lower_bound":5090952.749789115,"upper_bound":5173913.171458106},"point_estimate":5132020.232439909,"standard_error":21269.629014439262},"median":{"confidence_interval":{"confidence_level":0.95,"lower_bound":5059475.742857143,"upper_bound":5206296.458333334},"point_estimate":5121573.958571428,"standard_error":45788.87544397529},"median_abs_dev":{"confidence_interval":{"confidence_level":0.95,"lower_bound":7307.5652419319185,"upper_bound":106522.1424545687},"point_estimate":99374.37822541842,"standard_error":30438.563536543497},"slope":{"confidence_interval":{"confidence_level":0.95,"lower_bound":5087305.381420313,"upper_bound":5196372.964590164},"point_estimate":5135219.140556586,"standard_error":27775.915782505137},"std_dev":{"confidence_interval":{"confidence_level":0.95,"lower_bound":48653.621663770085,"upper_bound":79079.096883006},"point_estimate":70993.15854374833,"standard_error":7931.474260046201}}