{"mean":{"confidence_interval":{"confidence_level":0.95,"lower_bound":0.01567343449577276,"upper_bound":0.024933882737204798},"point_estimate":0.019671583326867914,"standard_error":0.002481167732374167},"median":{"confidence_interval":{"confidence_level":0.95,"lower_bound":0.01606909795179745,"upper_bound":0.01974098759436571},"point_estimate":0.01796900189701467,"standard_error":0.0008341967894294719}}