{"mean":{"confidence_interval":{"confidence_level":0.95,"lower_bound":0.009586573369972673,"upper_bound":0.017227992103081343},"point_estimate":0.013146017178300884,"standard_error":0.001985621201129253},"median":{"confidence_interval":{"confidence_level":0.95,"lower_bound":0.007630357539109678,"upper_bound":0.01883501760256845},"point_estimate":0.009545548208322208,"standard_error":0.003500240188155638}}