{"mean":{"confidence_interval":{"confidence_level":0.95,"lower_bound":0.0009714739248918692,"upper_bound":0.005075276688075646},"point_estimate":0.003032315164728905,"standard_error":0.0010507399081369916},"median":{"confidence_interval":{"confidence_level":0.95,"lower_bound":0.000036253014950915485,"upper_bound":0.005926873326051796},"point_estimate":0.0028786473566622117,"standard_error":0.0015177713898920165}}