{"mean":{"confidence_interval":{"confidence_level":0.95,"lower_bound":148579601.4625,"upper_bound":149203177.525},"point_estimate":148876761.4125,"standard_error":159332.8868471929},"median":{"confidence_interval":{"confidence_level":0.95,"lower_bound":148458676.875,"upper_bound":149184130.125},"point_estimate":148729359.25,"standard_error":208660.29983679685},"median_abs_dev":{"confidence_interval":{"confidence_level":0.95,"lower_bound":317809.38905775547,"upper_bound":1029565.7915465534},"point_estimate":681200.5730062723,"standard_error":181820.38810467554},"slope":null,"std_dev":{"confidence_interval":{"confidence_level":0.95,"lower_bound":460295.4537693974,"upper_bound":952294.296488443},"point_estimate":739068.0969572882,"standard_error":127522.77554252723}}