{"mean":{"confidence_interval":{"confidence_level":0.95,"lower_bound":147883118.625,"upper_bound":148421880.7125},"point_estimate":148148350.475,"standard_error":137467.06851014798},"median":{"confidence_interval":{"confidence_level":0.95,"lower_bound":147750869.75,"upper_bound":148653255.0},"point_estimate":147945947.875,"standard_error":244777.01113748772},"median_abs_dev":{"confidence_interval":{"confidence_level":0.95,"lower_bound":188730.34352436662,"upper_bound":1039974.0140117705},"point_estimate":758620.2757067978,"standard_error":239973.18381016047},"slope":null,"std_dev":{"confidence_interval":{"confidence_level":0.95,"lower_bound":471298.85483068624,"upper_bound":741089.0921593455},"point_estimate":632597.1381025932,"standard_error":68921.52684012405}}