{"mean":{"confidence_interval":{"confidence_level":0.95,"lower_bound":146997653.4984375,"upper_bound":147638558.9703125},"point_estimate":147322392.775,"standard_error":163572.53036622584},"median":{"confidence_interval":{"confidence_level":0.95,"lower_bound":146738208.375,"upper_bound":147870208.375},"point_estimate":147422942.875,"standard_error":275889.73252663005},"median_abs_dev":{"confidence_interval":{"confidence_level":0.95,"lower_bound":447003.70673909783,"upper_bound":1234171.6302640736},"point_estimate":915065.5222043395,"standard_error":209547.30370196656},"slope":null,"std_dev":{"confidence_interval":{"confidence_level":0.95,"lower_bound":570056.517093217,"upper_bound":868219.244673596},"point_estimate":750948.1767292728,"standard_error":76018.06090791566}}