{"mean":{"confidence_interval":{"confidence_level":0.95,"lower_bound":78787523.04,"upper_bound":79101167.26124999},"point_estimate":78939990.09,"standard_error":79930.57224929104},"median":{"confidence_interval":{"confidence_level":0.95,"lower_bound":78606500.0,"upper_bound":78819167.0},"point_estimate":78689854.0,"standard_error":44582.9773007642},"median_abs_dev":{"confidence_interval":{"confidence_level":0.95,"lower_bound":304642.4186915159,"upper_bound":665842.3198789358},"point_estimate":448331.5603405237,"standard_error":90994.06308969027},"slope":null,"std_dev":{"confidence_interval":{"confidence_level":0.95,"lower_bound":649005.5328816785,"upper_bound":945830.3657643932},"point_estimate":804414.9874194993,"standard_error":75817.66728542755}}