{"mean":{"confidence_interval":{"confidence_level":0.95,"lower_bound":1205999677.8425,"upper_bound":1208023869.5175},"point_estimate":1207022918.85,"standard_error":516868.1059207607},"median":{"confidence_interval":{"confidence_level":0.95,"lower_bound":1205882604.0,"upper_bound":1208698500.5},"point_estimate":1206868604.0,"standard_error":641006.6827816601},"median_abs_dev":{"confidence_interval":{"confidence_level":0.95,"lower_bound":1045758.5631340742,"upper_bound":3528496.0717541724},"point_estimate":2637731.4194709063,"standard_error":614326.655939022},"slope":null,"std_dev":{"confidence_interval":{"confidence_level":0.95,"lower_bound":1614061.6534535922,"upper_bound":2992346.91954284},"point_estimate":2386985.188156463,"standard_error":356012.6584791636}}