{"mean":{"confidence_interval":{"confidence_level":0.95,"lower_bound":3447230637.9575,"upper_bound":3464978127.0425},"point_estimate":3453783108.4,"standard_error":5085981.935553946},"median":{"confidence_interval":{"confidence_level":0.95,"lower_bound":3446263166.5,"upper_bound":3453121709.0},"point_estimate":3448011750.5,"standard_error":2176524.6736609936},"median_abs_dev":{"confidence_interval":{"confidence_level":0.95,"lower_bound":798626.9387215376,"upper_bound":7923261.853533983},"point_estimate":3596911.3332420588,"standard_error":2180596.953491223},"slope":null,"std_dev":{"confidence_interval":{"confidence_level":0.95,"lower_bound":1999448.3715537614,"upper_bound":25902631.116443228},"point_estimate":16863239.237831295,"standard_error":8365286.64074952}}