{"mean":{"confidence_interval":{"confidence_level":0.95,"lower_bound":-0.007540700348986847,"upper_bound":-0.006221822685934817},"point_estimate":-0.006881284165898838,"standard_error":0.00032343245406803075},"median":{"confidence_interval":{"confidence_level":0.95,"lower_bound":-0.007749706283481594,"upper_bound":-0.005964960096358829},"point_estimate":-0.006910809415210606,"standard_error":0.0004961565632115487}}