{"mean":{"confidence_interval":{"confidence_level":0.95,"lower_bound":-0.00030074506708004084,"upper_bound":0.006975233392480295},"point_estimate":0.002674255753789545,"standard_error":0.0018670466569982876},"median":{"confidence_interval":{"confidence_level":0.95,"lower_bound":-0.00014488360361131214,"upper_bound":0.005044528957524497},"point_estimate":0.0017327426642765875,"standard_error":0.0012778272327436141}}