{"mean":{"confidence_interval":{"confidence_level":0.95,"lower_bound":0.007372274163113563,"upper_bound":0.014974610095100049},"point_estimate":0.011674417567242079,"standard_error":0.0019738136247161473},"median":{"confidence_interval":{"confidence_level":0.95,"lower_bound":0.010071211940541946,"upper_bound":0.01660576167638994},"point_estimate":0.013717637791348825,"standard_error":0.0016521942328018057}}