{"mean":{"confidence_interval":{"confidence_level":0.95,"lower_bound":322668821.340625,"upper_bound":324269836.75},"point_estimate":323429710.425,"standard_error":410877.51338785683},"median":{"confidence_interval":{"confidence_level":0.95,"lower_bound":321951885.25,"upper_bound":324209239.75},"point_estimate":322593145.5,"standard_error":703306.4009001249},"median_abs_dev":{"confidence_interval":{"confidence_level":0.95,"lower_bound":453815.3269931674,"upper_bound":3208701.7963841558},"point_estimate":1563324.5770454407,"standard_error":738068.930364925},"slope":null,"std_dev":{"confidence_interval":{"confidence_level":0.95,"lower_bound":1170098.5074069607,"upper_bound":2290015.530934497},"point_estimate":1891844.6473225425,"standard_error":277246.7074782292}}