{"mean":{"confidence_interval":{"confidence_level":0.95,"lower_bound":0.010475064784296278,"upper_bound":0.014523953312738112},"point_estimate":0.012627118586010067,"standard_error":0.000999960986674311},"median":{"confidence_interval":{"confidence_level":0.95,"lower_bound":0.01101919159953435,"upper_bound":0.014489390010005376},"point_estimate":0.01203767256395305,"standard_error":0.0009277169285267216}}