{"mean":{"confidence_interval":{"confidence_level":0.95,"lower_bound":0.00012268589676010135,"upper_bound":0.0027414600180464756},"point_estimate":0.0015092337039526171,"standard_error":0.0006702915483977058},"median":{"confidence_interval":{"confidence_level":0.95,"lower_bound":0.0007003290068430257,"upper_bound":0.002722948307939177},"point_estimate":0.0020270956508554594,"standard_error":0.0005349851523083056}}