{"mean":{"confidence_interval":{"confidence_level":0.95,"lower_bound":-0.006362966837324174,"upper_bound":0.0012506077633534548},"point_estimate":-0.0028848686145112046,"standard_error":0.00203561525371101},"median":{"confidence_interval":{"confidence_level":0.95,"lower_bound":-0.006481484784148117,"upper_bound":-0.00012531670121329608},"point_estimate":-0.004912002854241426,"standard_error":0.0017747695484973194}}