{"mean":{"confidence_interval":{"confidence_level":0.95,"lower_bound":-0.010100755639739023,"upper_bound":-0.0065557174799791545},"point_estimate":-0.008481428982838546,"standard_error":0.000905190746408822},"median":{"confidence_interval":{"confidence_level":0.95,"lower_bound":-0.010625745959901844,"upper_bound":-0.006666068987906115},"point_estimate":-0.009408655312040382,"standard_error":0.0009898614237317956}}