{"mean":{"confidence_interval":{"confidence_level":0.95,"lower_bound":-0.00225676430802664,"upper_bound":0.006734475227414904},"point_estimate":0.001964468651605822,"standard_error":0.00230596694916991},"median":{"confidence_interval":{"confidence_level":0.95,"lower_bound":-0.004591032052080224,"upper_bound":0.007322968121822759},"point_estimate":-0.0003601802475095006,"standard_error":0.003573375706409668}}