{"mean":{"confidence_interval":{"confidence_level":0.95,"lower_bound":0.012846378165972122,"upper_bound":0.018766212028934474},"point_estimate":0.016162658420244558,"standard_error":0.0015449397777216273},"median":{"confidence_interval":{"confidence_level":0.95,"lower_bound":0.011966982658052405,"upper_bound":0.01934054176639277},"point_estimate":0.017054214428697145,"standard_error":0.0015092574474021728}}