{"mean":{"confidence_interval":{"confidence_level":0.95,"lower_bound":0.018686178298142682,"upper_bound":0.02007001540981025},"point_estimate":0.019364136137710375,"standard_error":0.00035426388089061854},"median":{"confidence_interval":{"confidence_level":0.95,"lower_bound":0.018324161560266505,"upper_bound":0.02051724392534604},"point_estimate":0.019271342693180094,"standard_error":0.0005813470044614122}}