{"mean":{"confidence_interval":{"confidence_level":0.95,"lower_bound":154805437.8435,"upper_bound":155279748.71525002},"point_estimate":155038799.53,"standard_error":121256.23268473703},"median":{"confidence_interval":{"confidence_level":0.95,"lower_bound":154453459.0,"upper_bound":154859750.0},"point_estimate":154698416.5,"standard_error":96784.3887653653},"median_abs_dev":{"confidence_interval":{"confidence_level":0.95,"lower_bound":562121.8496203423,"upper_bound":1108923.2524126768},"point_estimate":770673.2575178146,"standard_error":142491.57369515873},"slope":null,"std_dev":{"confidence_interval":{"confidence_level":0.95,"lower_bound":1027080.9649153819,"upper_bound":1373239.7920014635},"point_estimate":1217994.8621339733,"standard_error":88423.34903230057}}