{"mean":{"confidence_interval":{"confidence_level":0.95,"lower_bound":56353040409.935,"upper_bound":56551424931.7675},"point_estimate":56455757054.2,"standard_error":50838350.0454998},"median":{"confidence_interval":{"confidence_level":0.95,"lower_bound":56321445375.0,"upper_bound":56611667750.0},"point_estimate":56465397396.0,"standard_error":76478703.22047725},"median_abs_dev":{"confidence_interval":{"confidence_level":0.95,"lower_bound":21779300.950840116,"upper_bound":296014304.3475956},"point_estimate":201319964.99795616,"standard_error":73330205.38842024},"slope":null,"std_dev":{"confidence_interval":{"confidence_level":0.95,"lower_bound":91627157.17120777,"upper_bound":205953305.51195648},"point_estimate":168981071.95252126,"standard_error":28692189.98704253}}