{"mean":{"confidence_interval":{"confidence_level":0.95,"lower_bound":1750686947.695,"upper_bound":1752890010.35},"point_estimate":1751836441.6,"standard_error":563664.5081454313},"median":{"confidence_interval":{"confidence_level":0.95,"lower_bound":1750256666.5,"upper_bound":1753539687.5},"point_estimate":1752201541.5,"standard_error":925459.7078530445},"median_abs_dev":{"confidence_interval":{"confidence_level":0.95,"lower_bound":393722.2142100334,"upper_bound":3175404.4542253017},"point_estimate":2002343.5563012958,"standard_error":755730.6908861974},"slope":null,"std_dev":{"confidence_interval":{"confidence_level":0.95,"lower_bound":1058893.592985071,"upper_bound":2284897.7421290046},"point_estimate":1882096.8835963225,"standard_error":308880.37171471637}}