{"mean":{"confidence_interval":{"confidence_level":0.95,"lower_bound":3555237840.68,"upper_bound":3585294594.8175},"point_estimate":3569523420.9,"standard_error":7717387.897983509},"median":{"confidence_interval":{"confidence_level":0.95,"lower_bound":3551847708.0,"upper_bound":3594320312.5},"point_estimate":3553897562.5,"standard_error":12697699.671346178},"median_abs_dev":{"confidence_interval":{"confidence_level":0.95,"lower_bound":779107.7687680721,"upper_bound":43823429.839378595},"point_estimate":10276054.607963562,"standard_error":13177392.704504488},"slope":null,"std_dev":{"confidence_interval":{"confidence_level":0.95,"lower_bound":12310884.51447089,"upper_bound":31014717.96322649},"point_estimate":25752062.382586803,"standard_error":4688020.920185252}}