{"mean":{"confidence_interval":{"confidence_level":0.95,"lower_bound":3520098091.005,"upper_bound":3552896003.9},"point_estimate":3536212104.0,"standard_error":8423307.141524225},"median":{"confidence_interval":{"confidence_level":0.95,"lower_bound":3510026187.5,"upper_bound":3565983708.0},"point_estimate":3529312604.0,"standard_error":18030352.92324934},"median_abs_dev":{"confidence_interval":{"confidence_level":0.95,"lower_bound":1208256.7093491554,"upper_bound":40991603.10305357},"point_estimate":35372363.87781501,"standard_error":11918856.60461981},"slope":null,"std_dev":{"confidence_interval":{"confidence_level":0.95,"lower_bound":18702719.785745576,"upper_bound":31402811.88908418},"point_estimate":28131513.219780598,"standard_error":3263768.470742595}}