{"mean":{"confidence_interval":{"confidence_level":0.95,"lower_bound":1216655915.9175,"upper_bound":1224251345.52},"point_estimate":1219589008.4,"standard_error":2075140.5135773227},"median":{"confidence_interval":{"confidence_level":0.95,"lower_bound":1217037708.5,"upper_bound":1218572854.5},"point_estimate":1217891145.5,"standard_error":454015.3956545651},"median_abs_dev":{"confidence_interval":{"confidence_level":0.95,"lower_bound":700651.5433609486,"upper_bound":4221734.559649229},"point_estimate":1985324.4205534458,"standard_error":911919.5279784785},"slope":null,"std_dev":{"confidence_interval":{"confidence_level":0.95,"lower_bound":1802913.6491564296,"upper_bound":15462890.604625756},"point_estimate":9508807.869567323,"standard_error":4514363.44855289}}