{"mean":{"confidence_interval":{"confidence_level":0.95,"lower_bound":2351790014.52725,"upper_bound":2355828591.9475},"point_estimate":2353680407.52,"standard_error":1034401.1622744595},"median":{"confidence_interval":{"confidence_level":0.95,"lower_bound":2350966854.0,"upper_bound":2352882354.5},"point_estimate":2352175562.5,"standard_error":465641.2359454795},"median_abs_dev":{"confidence_interval":{"confidence_level":0.95,"lower_bound":3467708.6759358644,"upper_bound":6067200.876885653},"point_estimate":4836735.561230779,"standard_error":654705.2313658318},"slope":null,"std_dev":{"confidence_interval":{"confidence_level":0.95,"lower_bound":7073625.746995899,"upper_bound":13225729.305868762},"point_estimate":10378151.919508176,"standard_error":1572201.9165507953}}