{"mean":{"confidence_interval":{"confidence_level":0.95,"lower_bound":-0.0013231913236804718,"upper_bound":0.01174345568182859},"point_estimate":0.005004303260915055,"standard_error":0.003325950677653335},"median":{"confidence_interval":{"confidence_level":0.95,"lower_bound":-0.0057270970347053085,"upper_bound":0.017270978561694017},"point_estimate":0.0023988498409435177,"standard_error":0.005268925727255831}}