{"mean":{"confidence_interval":{"confidence_level":0.95,"lower_bound":0.01006541529967604,"upper_bound":0.017215008385852524},"point_estimate":0.013508673247619507,"standard_error":0.0018761990751663276},"median":{"confidence_interval":{"confidence_level":0.95,"lower_bound":0.008254242289398528,"upper_bound":0.019959089123766205},"point_estimate":0.011808203781527693,"standard_error":0.0034300890993249635}}