{"mean":{"confidence_interval":{"confidence_level":0.95,"lower_bound":235846966.43275002,"upper_bound":236529651.28},"point_estimate":236182479.62,"standard_error":174559.216625679},"median":{"confidence_interval":{"confidence_level":0.95,"lower_bound":235377584.0,"upper_bound":235798250.0},"point_estimate":235579854.0,"standard_error":101909.98260404033},"median_abs_dev":{"confidence_interval":{"confidence_level":0.95,"lower_bound":820031.9758415222,"upper_bound":1622056.2924027443},"point_estimate":1136968.8548147678,"standard_error":196727.13954615121},"slope":null,"std_dev":{"confidence_interval":{"confidence_level":0.95,"lower_bound":1490976.3377332087,"upper_bound":1954491.0259747878},"point_estimate":1751726.8383062985,"standard_error":118920.32285044892}}