{"mean":{"confidence_interval":{"confidence_level":0.95,"lower_bound":27130786409.575,"upper_bound":27165282829.3},"point_estimate":27146888579.5,"standard_error":8753181.698225098},"median":{"confidence_interval":{"confidence_level":0.95,"lower_bound":27137330917.0,"upper_bound":27154521375.5},"point_estimate":27141778896.0,"standard_error":4696272.645815641},"median_abs_dev":{"confidence_interval":{"confidence_level":0.95,"lower_bound":1253105.3585529327,"upper_bound":41802153.11076343},"point_estimate":8902055.08235693,"standard_error":9101843.48872002},"slope":null,"std_dev":{"confidence_interval":{"confidence_level":0.95,"lower_bound":6261318.515680078,"upper_bound":42864840.16081344},"point_estimate":29184129.446532156,"standard_error":9538678.51365969}}