{"mean":{"confidence_interval":{"confidence_level":0.95,"lower_bound":225311600916.14502,"upper_bound":226017723581.4875},"point_estimate":225627598171.0,"standard_error":181220969.99613094},"median":{"confidence_interval":{"confidence_level":0.95,"lower_bound":225174478375.0,"upper_bound":225891014417.0},"point_estimate":225515387834.0,"standard_error":166500699.41131824},"median_abs_dev":{"confidence_interval":{"confidence_level":0.95,"lower_bound":43688298.26477766,"upper_bound":829641386.7843211},"point_estimate":526580470.0868279,"standard_error":201340339.84961727},"slope":null,"std_dev":{"confidence_interval":{"confidence_level":0.95,"lower_bound":225155158.15394598,"upper_bound":843998659.0008667},"point_estimate":603731357.8371866,"standard_error":177276390.54089168}}