{"mean":{"confidence_interval":{"confidence_level":0.95,"lower_bound":6848588675.0,"upper_bound":6866581586.2475},"point_estimate":6856690579.2,"standard_error":4662150.0323530575},"median":{"confidence_interval":{"confidence_level":0.95,"lower_bound":6846359458.0,"upper_bound":6867173062.5},"point_estimate":6850967666.5,"standard_error":4668366.103137046},"median_abs_dev":{"confidence_interval":{"confidence_level":0.95,"lower_bound":1022499.5347470045,"upper_bound":21589034.44841802},"point_estimate":9269215.035438538,"standard_error":5134800.419014854},"slope":null,"std_dev":{"confidence_interval":{"confidence_level":0.95,"lower_bound":4662057.4178353185,"upper_bound":20562023.664877843},"point_estimate":15493788.975024102,"standard_error":4252417.120815164}}