{"mean":{"confidence_interval":{"confidence_level":0.95,"lower_bound":0.004923745707012669,"upper_bound":0.01090000007326135},"point_estimate":0.007910573162218881,"standard_error":0.0015283024615905484},"median":{"confidence_interval":{"confidence_level":0.95,"lower_bound":0.003398309872335359,"upper_bound":0.010753762832760083},"point_estimate":0.008013749164001771,"standard_error":0.0016862282945107}}