{"mean":{"confidence_interval":{"confidence_level":0.95,"lower_bound":-0.00323647140658563,"upper_bound":0.008797951975888535},"point_estimate":0.002389575216193318,"standard_error":0.003039213021649137},"median":{"confidence_interval":{"confidence_level":0.95,"lower_bound":-0.0033117922331888927,"upper_bound":0.007414593496610333},"point_estimate":-0.0007866541872658672,"standard_error":0.0026868061231024496}}