{"mean":{"confidence_interval":{"confidence_level":0.95,"lower_bound":-0.00196435869590536,"upper_bound":0.004534994739362005},"point_estimate":0.0019304988002750711,"standard_error":0.0017066944264485476},"median":{"confidence_interval":{"confidence_level":0.95,"lower_bound":0.0014106637870610061,"upper_bound":0.004402305241361928},"point_estimate":0.0030316682648323656,"standard_error":0.0007305565955861032}}