{"mean":{"confidence_interval":{"confidence_level":0.95,"lower_bound":0.011523067973227786,"upper_bound":0.024641347520583515},"point_estimate":0.018089497329153215,"standard_error":0.0033504373635935237},"median":{"confidence_interval":{"confidence_level":0.95,"lower_bound":0.006592295716121521,"upper_bound":0.03203977120432344},"point_estimate":0.022247798855796308,"standard_error":0.006750693992656299}}