{"mean":{"confidence_interval":{"confidence_level":0.95,"lower_bound":-0.015874760823469024,"upper_bound":-0.01303939165250508},"point_estimate":-0.01440077072874757,"standard_error":0.0007223079028806115},"median":{"confidence_interval":{"confidence_level":0.95,"lower_bound":-0.015784338043114965,"upper_bound":-0.01311871310981072},"point_estimate":-0.014580508128002378,"standard_error":0.0006643992784405934}}