{"mean":{"confidence_interval":{"confidence_level":0.95,"lower_bound":-0.016586031302332806,"upper_bound":-0.008041988560567294},"point_estimate":-0.01186896143836913,"standard_error":0.0021944432705875284},"median":{"confidence_interval":{"confidence_level":0.95,"lower_bound":-0.011956275214173195,"upper_bound":-0.007523897593486817},"point_estimate":-0.00957399432872541,"standard_error":0.0012993644231794163}}