{"mean":{"confidence_interval":{"confidence_level":0.95,"lower_bound":0.00014931724076160395,"upper_bound":0.0053539227335958},"point_estimate":0.0027922006917562303,"standard_error":0.0013321804948846737},"median":{"confidence_interval":{"confidence_level":0.95,"lower_bound":0.0013517916502365779,"upper_bound":0.0039503725865670525},"point_estimate":0.0025895610384416567,"standard_error":0.0006421206761721795}}