{"mean":{"confidence_interval":{"confidence_level":0.95,"lower_bound":0.020278148892706203,"upper_bound":0.024666602557059925},"point_estimate":0.022273970486493377,"standard_error":0.0011306827072330176},"median":{"confidence_interval":{"confidence_level":0.95,"lower_bound":0.020837574775133445,"upper_bound":0.02302962106761397},"point_estimate":0.021700767971385426,"standard_error":0.0005643968294061774}}