{"mean":{"confidence_interval":{"confidence_level":0.95,"lower_bound":0.0009739508002371,"upper_bound":0.011279758425481687},"point_estimate":0.005878624045415615,"standard_error":0.002621824909311042},"median":{"confidence_interval":{"confidence_level":0.95,"lower_bound":-0.0027182506539200624,"upper_bound":0.014491470769903314},"point_estimate":0.0034347543018602433,"standard_error":0.0052925918651388895}}