{"mean":{"confidence_interval":{"confidence_level":0.95,"lower_bound":0.015430167405697508,"upper_bound":0.02202820370886799},"point_estimate":0.01879203703343202,"standard_error":0.001650957293189781},"median":{"confidence_interval":{"confidence_level":0.95,"lower_bound":0.014742610965910341,"upper_bound":0.02372504289071098},"point_estimate":0.018408031656553803,"standard_error":0.002574185139907892}}