{"mean":{"confidence_interval":{"confidence_level":0.95,"lower_bound":53488032249.457504,"upper_bound":53558972579.2},"point_estimate":53520717516.8,"standard_error":18125803.74290674},"median":{"confidence_interval":{"confidence_level":0.95,"lower_bound":53483403562.5,"upper_bound":53567155791.0},"point_estimate":53489685042.0,"standard_error":22798096.891379792},"median_abs_dev":{"confidence_interval":{"confidence_level":0.95,"lower_bound":516839.53992426395,"upper_bound":96289247.01262414},"point_estimate":23560675.2125144,"standard_error":26296861.31264158},"slope":null,"std_dev":{"confidence_interval":{"confidence_level":0.95,"lower_bound":18767317.23676832,"upper_bound":76391296.2842318},"point_estimate":60348192.63505949,"standard_error":13503268.182311008}}