{"mean":{"confidence_interval":{"confidence_level":0.95,"lower_bound":54529614911.32,"upper_bound":54568052874.8},"point_estimate":54547665691.6,"standard_error":9824543.731728263},"median":{"confidence_interval":{"confidence_level":0.95,"lower_bound":54518254500.0,"upper_bound":54569643999.5},"point_estimate":54543297792.0,"standard_error":12881440.754192164},"median_abs_dev":{"confidence_interval":{"confidence_level":0.95,"lower_bound":6476182.010024786,"upper_bound":54503648.61316681},"point_estimate":33591452.9286325,"standard_error":12271183.219040537},"slope":null,"std_dev":{"confidence_interval":{"confidence_level":0.95,"lower_bound":16099863.144158706,"upper_bound":42658912.891596586},"point_estimate":32797925.55925096,"standard_error":7104973.041414222}}