{"mean":{"confidence_interval":{"confidence_level":0.95,"lower_bound":-0.01230180276625743,"upper_bound":-0.00669148965730477},"point_estimate":-0.00970307241285473,"standard_error":0.0014683547044521024},"median":{"confidence_interval":{"confidence_level":0.95,"lower_bound":-0.01237397045829447,"upper_bound":-0.008510825342680661},"point_estimate":-0.009698159857699395,"standard_error":0.0010539582222966104}}