{"mean":{"confidence_interval":{"confidence_level":0.95,"lower_bound":6931030945.8,"upper_bound":6993802891.5},"point_estimate":6960524779.1,"standard_error":16159184.16988361},"median":{"confidence_interval":{"confidence_level":0.95,"lower_bound":6927510104.0,"upper_bound":6995325041.5},"point_estimate":6932394166.5,"standard_error":19106845.835028782},"median_abs_dev":{"confidence_interval":{"confidence_level":0.95,"lower_bound":1718271.10029459,"upper_bound":87672591.68390036},"point_estimate":8098608.95242095,"standard_error":19998337.21199225},"slope":null,"std_dev":{"confidence_interval":{"confidence_level":0.95,"lower_bound":5589994.414647223,"upper_bound":66322066.28814417},"point_estimate":53911507.294785365,"standard_error":13721459.02266183}}