{"mean":{"confidence_interval":{"confidence_level":0.95,"lower_bound":7067693542.8125,"upper_bound":7133594927.7325},"point_estimate":7101776549.9,"standard_error":16840011.38584767},"median":{"confidence_interval":{"confidence_level":0.95,"lower_bound":7039246875.0,"upper_bound":7145794375.0},"point_estimate":7134416874.5,"standard_error":33533431.639782228},"median_abs_dev":{"confidence_interval":{"confidence_level":0.95,"lower_bound":2293459.1034829617,"upper_bound":84746279.59255278},"point_estimate":26208012.39721477,"standard_error":25880244.677513663},"slope":null,"std_dev":{"confidence_interval":{"confidence_level":0.95,"lower_bound":33915040.47375007,"upper_bound":63512376.98600688},"point_estimate":56089700.96092879,"standard_error":7823980.184461418}}