{"mean":{"confidence_interval":{"confidence_level":0.95,"lower_bound":-0.015095237519542773,"upper_bound":-0.011650010372660734},"point_estimate":-0.013518206621628615,"standard_error":0.0008916161128486352},"median":{"confidence_interval":{"confidence_level":0.95,"lower_bound":-0.01569083922524317,"upper_bound":-0.01161477738921124},"point_estimate":-0.014129045814040841,"standard_error":0.001049904746043518}}