{"mean":{"confidence_interval":{"confidence_level":0.95,"lower_bound":55960538127.25,"upper_bound":58119147260.17},"point_estimate":56971814766.7,"standard_error":556118761.0204183},"median":{"confidence_interval":{"confidence_level":0.95,"lower_bound":55576289271.0,"upper_bound":58645366625.0},"point_estimate":55949385312.5,"standard_error":894434840.3592887},"median_abs_dev":{"confidence_interval":{"confidence_level":0.95,"lower_bound":82500881.19111657,"upper_bound":3012357529.5603633},"point_estimate":793798666.5822566,"standard_error":835540580.2767583},"slope":null,"std_dev":{"confidence_interval":{"confidence_level":0.95,"lower_bound":830317779.9355853,"upper_bound":2207078674.3527546},"point_estimate":1860542587.8322368,"standard_error":344943889.405896}}