{"mean":{"confidence_interval":{"confidence_level":0.95,"lower_bound":141406071.3375,"upper_bound":142223453.0375},"point_estimate":141802996.3125,"standard_error":209361.34869925558},"median":{"confidence_interval":{"confidence_level":0.95,"lower_bound":140978749.875,"upper_bound":142447125.0},"point_estimate":141396244.75,"standard_error":444350.94868202356},"median_abs_dev":{"confidence_interval":{"confidence_level":0.95,"lower_bound":147974.22622293234,"upper_bound":1601872.3616860807},"point_estimate":766952.1169088781,"standard_error":437936.54226967314},"slope":null,"std_dev":{"confidence_interval":{"confidence_level":0.95,"lower_bound":709523.1114990732,"upper_bound":1107188.3247165857},"point_estimate":959203.9427303558,"standard_error":101150.85413358055}}