{"mean":{"confidence_interval":{"confidence_level":0.95,"lower_bound":149609427.5125,"upper_bound":150333896.3375},"point_estimate":149960815.05,"standard_error":186578.69173445503},"median":{"confidence_interval":{"confidence_level":0.95,"lower_bound":149330833.375,"upper_bound":150406697.625},"point_estimate":149822255.25,"standard_error":298808.32032227656},"median_abs_dev":{"confidence_interval":{"confidence_level":0.95,"lower_bound":428478.9907179773,"upper_bound":1397759.6727848053},"point_estimate":903196.7534400523,"standard_error":243128.48706655818},"slope":null,"std_dev":{"confidence_interval":{"confidence_level":0.95,"lower_bound":603809.1173232658,"upper_bound":1017646.1728729022},"point_estimate":851893.9862000821,"standard_error":104955.01883474311}}