{"mean":{"confidence_interval":{"confidence_level":0.95,"lower_bound":2668230665.1865,"upper_bound":2673634244.77775},"point_estimate":2670875055.02,"standard_error":1378507.9865988272},"median":{"confidence_interval":{"confidence_level":0.95,"lower_bound":2664463021.5,"upper_bound":2669154854.5},"point_estimate":2666535895.5,"standard_error":1400670.7186092983},"median_abs_dev":{"confidence_interval":{"confidence_level":0.95,"lower_bound":7128927.783036232,"upper_bound":13626825.434875488},"point_estimate":10537703.110018373,"standard_error":1818674.5861294193},"slope":null,"std_dev":{"confidence_interval":{"confidence_level":0.95,"lower_bound":11573241.750803918,"upper_bound":15804677.77603219},"point_estimate":13883025.870415382,"standard_error":1072765.6435535548}}