{"mean":{"confidence_interval":{"confidence_level":0.95,"lower_bound":0.006635756331656295,"upper_bound":0.01578725049387921},"point_estimate":0.010717074087239098,"standard_error":0.002435948917868898},"median":{"confidence_interval":{"confidence_level":0.95,"lower_bound":0.003256702571244219,"upper_bound":0.01940523036765862},"point_estimate":0.008769776747693747,"standard_error":0.005142617986715662}}