{"mean":{"confidence_interval":{"confidence_level":0.95,"lower_bound":0.0030384202222697135,"upper_bound":0.015531684105247924},"point_estimate":0.009420056241060903,"standard_error":0.00319961596053899},"median":{"confidence_interval":{"confidence_level":0.95,"lower_bound":-0.0036873994226147566,"upper_bound":0.01983640263453612},"point_estimate":0.006965933953296144,"standard_error":0.006137855682312306}}