{"mean":{"confidence_interval":{"confidence_level":0.95,"lower_bound":53520475539.135,"upper_bound":53605797919.3},"point_estimate":53552643100.1,"standard_error":24080455.73294411},"median":{"confidence_interval":{"confidence_level":0.95,"lower_bound":53518481250.0,"upper_bound":53543176334.0},"point_estimate":53533382896.0,"standard_error":8012455.180892409},"median_abs_dev":{"confidence_interval":{"confidence_level":0.95,"lower_bound":4221054.787561297,"upper_bound":38393965.63467085},"point_estimate":13771192.124712467,"standard_error":10808607.855638098},"slope":null,"std_dev":{"confidence_interval":{"confidence_level":0.95,"lower_bound":7895605.682571931,"upper_bound":123049552.11751409},"point_estimate":80029810.5942752,"standard_error":39094019.95014937}}