{"mean":{"confidence_interval":{"confidence_level":0.95,"lower_bound":2361609614.14625,"upper_bound":2369937523.1499996},"point_estimate":2364857308.25,"standard_error":2271696.336275517},"median":{"confidence_interval":{"confidence_level":0.95,"lower_bound":2361603541.5,"upper_bound":2365243333.0},"point_estimate":2363136916.5,"standard_error":874331.1809898715},"median_abs_dev":{"confidence_interval":{"confidence_level":0.95,"lower_bound":1539866.1389619112,"upper_bound":5130135.42432189},"point_estimate":3650469.515991211,"standard_error":954834.2597361027},"slope":null,"std_dev":{"confidence_interval":{"confidence_level":0.95,"lower_bound":2317097.5696860435,"upper_bound":16900877.37780564},"point_estimate":10431228.669311792,"standard_error":4874585.026258646}}