{"mean":{"confidence_interval":{"confidence_level":0.95,"lower_bound":2353741457.9225,"upper_bound":2372428957.68},"point_estimate":2363313879.1,"standard_error":4804483.774831537},"median":{"confidence_interval":{"confidence_level":0.95,"lower_bound":2347489000.0,"upper_bound":2377438208.5},"point_estimate":2367427979.5,"standard_error":9823780.382705722},"median_abs_dev":{"confidence_interval":{"confidence_level":0.95,"lower_bound":868154.9470871687,"upper_bound":27426059.455490112},"point_estimate":17098671.306037903,"standard_error":7949906.674794214},"slope":null,"std_dev":{"confidence_interval":{"confidence_level":0.95,"lower_bound":10247879.104566077,"upper_bound":18574619.628454544},"point_estimate":16002476.694738623,"standard_error":2137222.295317214}}