{"mean":{"confidence_interval":{"confidence_level":0.95,"lower_bound":2309804479.5,"upper_bound":2333484896.5424995},"point_estimate":2321322325.1,"standard_error":6089338.277286672},"median":{"confidence_interval":{"confidence_level":0.95,"lower_bound":2301896875.0,"upper_bound":2341307250.0},"point_estimate":2315904208.5,"standard_error":12261025.660624156},"median_abs_dev":{"confidence_interval":{"confidence_level":0.95,"lower_bound":1334554.9533069134,"upper_bound":34876898.98171127},"point_estimate":22596584.186330438,"standard_error":8814052.498806017},"slope":null,"std_dev":{"confidence_interval":{"confidence_level":0.95,"lower_bound":12777589.211954992,"upper_bound":23403113.376340326},"point_estimate":20292435.0841238,"standard_error":2658285.866126452}}