{"mean":{"confidence_interval":{"confidence_level":0.95,"lower_bound":0.007244036379133346,"upper_bound":0.019147260529180896},"point_estimate":0.013420717168059815,"standard_error":0.0030483514962239937},"median":{"confidence_interval":{"confidence_level":0.95,"lower_bound":0.00579484221453086,"upper_bound":0.02022656167333281},"point_estimate":0.017305417944107893,"standard_error":0.0037756212936252104}}