{"mean":{"confidence_interval":{"confidence_level":0.95,"lower_bound":-0.003425790074875354,"upper_bound":0.007866855315523029},"point_estimate":0.0023828394425968735,"standard_error":0.0029317304080765626},"median":{"confidence_interval":{"confidence_level":0.95,"lower_bound":-0.0024839621702548165,"upper_bound":0.010198845091957676},"point_estimate":0.00037920570958904776,"standard_error":0.0030470870493497846}}