{"mean":{"confidence_interval":{"confidence_level":0.95,"lower_bound":-0.0013983916488062684,"upper_bound":0.004780379345479645},"point_estimate":0.0017553338673454988,"standard_error":0.0015659821121596976},"median":{"confidence_interval":{"confidence_level":0.95,"lower_bound":-0.0006681949887796801,"upper_bound":0.005707000019818054},"point_estimate":0.002372079477886535,"standard_error":0.0015369226237109887}}