{"mean":{"confidence_interval":{"confidence_level":0.95,"lower_bound":-0.4488667955390506,"upper_bound":-0.44511292030126054},"point_estimate":-0.4470661840014045,"standard_error":0.000963206738306299},"median":{"confidence_interval":{"confidence_level":0.95,"lower_bound":-0.44935310846814924,"upper_bound":-0.44605866920032666},"point_estimate":-0.44784795393376176,"standard_error":0.0008737189398469917}}