{"mean":{"confidence_interval":{"confidence_level":0.95,"lower_bound":2386929289.46125,"upper_bound":2395330965.05675},"point_estimate":2390721430.41,"standard_error":2164074.364395649},"median":{"confidence_interval":{"confidence_level":0.95,"lower_bound":2383268875.0,"upper_bound":2387165500.0},"point_estimate":2384790229.5,"standard_error":1086042.5455365963},"median_abs_dev":{"confidence_interval":{"confidence_level":0.95,"lower_bound":6156496.39070034,"upper_bound":10380578.64740789},"point_estimate":8193589.495834708,"standard_error":1105076.4253453412},"slope":null,"std_dev":{"confidence_interval":{"confidence_level":0.95,"lower_bound":11626469.42658953,"upper_bound":30222656.955214825},"point_estimate":21595485.649488766,"standard_error":4793573.128391582}}