{"mean":{"confidence_interval":{"confidence_level":0.95,"lower_bound":-0.01592352966512123,"upper_bound":0.0005996383426492663},"point_estimate":-0.006599965008286968,"standard_error":0.004279992158812463},"median":{"confidence_interval":{"confidence_level":0.95,"lower_bound":-0.011426386670349231,"upper_bound":0.0027688667071288364},"point_estimate":-0.003071574918644515,"standard_error":0.0030572273073522943}}