{"mean":{"confidence_interval":{"confidence_level":0.95,"lower_bound":-0.004814161101112649,"upper_bound":0.008696390424205218},"point_estimate":0.001383307026506575,"standard_error":0.003458455665793538},"median":{"confidence_interval":{"confidence_level":0.95,"lower_bound":-0.00607890246485443,"upper_bound":0.005417535002939289},"point_estimate":-0.002621715918909917,"standard_error":0.0026929313941316496}}