{"mean":{"confidence_interval":{"confidence_level":0.95,"lower_bound":0.02478970052794336,"upper_bound":0.030354078102584985},"point_estimate":0.027636094690564716,"standard_error":0.0014235782558424492},"median":{"confidence_interval":{"confidence_level":0.95,"lower_bound":0.021865516390033868,"upper_bound":0.03184839240043846},"point_estimate":0.028761313380629927,"standard_error":0.002746863148402409}}