{"mean":{"confidence_interval":{"confidence_level":0.95,"lower_bound":0.00011532754313501323,"upper_bound":0.006841118284110154},"point_estimate":0.003561037393502442,"standard_error":0.0017156396463203747},"median":{"confidence_interval":{"confidence_level":0.95,"lower_bound":0.0010293427434302505,"upper_bound":0.008508963678827142},"point_estimate":0.0049122792982359,"standard_error":0.001956430879422642}}