{"mean":{"confidence_interval":{"confidence_level":0.95,"lower_bound":-0.0013624229369547849,"upper_bound":0.004744680960765669},"point_estimate":0.001726334048564926,"standard_error":0.001552373881571437},"median":{"confidence_interval":{"confidence_level":0.95,"lower_bound":-0.002932900991024327,"upper_bound":0.00649270281480961},"point_estimate":0.0013949022198069816,"standard_error":0.0024459875652971634}}