{"mean":{"confidence_interval":{"confidence_level":0.95,"lower_bound":-0.017329564524380676,"upper_bound":-0.01115333331748882},"point_estimate":-0.014153127598806714,"standard_error":0.001580392783962485},"median":{"confidence_interval":{"confidence_level":0.95,"lower_bound":-0.0203432280580792,"upper_bound":-0.008117190574471467},"point_estimate":-0.014435983689216614,"standard_error":0.0031598413054190816}}