{"mean":{"confidence_interval":{"confidence_level":0.95,"lower_bound":0.007770129683076988,"upper_bound":0.017351773056628838},"point_estimate":0.012667453658381511,"standard_error":0.00247253942471622},"median":{"confidence_interval":{"confidence_level":0.95,"lower_bound":0.01044250184990525,"upper_bound":0.017094749505796702},"point_estimate":0.014245352005096024,"standard_error":0.00168943380208673}}