{"mean":{"confidence_interval":{"confidence_level":0.95,"lower_bound":-0.0186805812225023,"upper_bound":-0.011338304381229736},"point_estimate":-0.015045881854013454,"standard_error":0.0018550779803553502},"median":{"confidence_interval":{"confidence_level":0.95,"lower_bound":-0.02006124145867294,"upper_bound":-0.00798537293925572},"point_estimate":-0.015453025896486228,"standard_error":0.0031969825623604127}}