{"mean":{"confidence_interval":{"confidence_level":0.95,"lower_bound":0.00257645428077012,"upper_bound":0.02496614597507201},"point_estimate":0.01181704064860778,"standard_error":0.005894172526120801},"median":{"confidence_interval":{"confidence_level":0.95,"lower_bound":-0.001508151251832901,"upper_bound":0.013211125406687785},"point_estimate":0.003135252544006484,"standard_error":0.0045064802549724305}}