{"mean":{"confidence_interval":{"confidence_level":0.95,"lower_bound":-0.02199037536780653,"upper_bound":0.018110200882782847},"point_estimate":0.0029685300149167038,"standard_error":0.011451014654340869},"median":{"confidence_interval":{"confidence_level":0.95,"lower_bound":0.008372379990034817,"upper_bound":0.019578726105053956},"point_estimate":0.01875496493373774,"standard_error":0.00353434093372426}}