{"mean":{"confidence_interval":{"confidence_level":0.95,"lower_bound":26876632719.7975,"upper_bound":27154979870.864998},"point_estimate":26999652495.9,"standard_error":72266267.41971718},"median":{"confidence_interval":{"confidence_level":0.95,"lower_bound":26843559396.0,"upper_bound":27137160979.0},"point_estimate":26898602666.5,"standard_error":67965045.85102965},"median_abs_dev":{"confidence_interval":{"confidence_level":0.95,"lower_bound":26888895.693826675,"upper_bound":317996227.04773843},"point_estimate":120319226.64470673,"standard_error":74370574.52569754},"slope":null,"std_dev":{"confidence_interval":{"confidence_level":0.95,"lower_bound":61944230.71605471,"upper_bound":328707018.13046014},"point_estimate":241266458.56071705,"standard_error":72456733.19318749}}