{"mean":{"confidence_interval":{"confidence_level":0.95,"lower_bound":600489006.71,"upper_bound":602299589.703},"point_estimate":601285855.0,"standard_error":464981.04763289477},"median":{"confidence_interval":{"confidence_level":0.95,"lower_bound":598787416.0,"upper_bound":601813959.0},"point_estimate":600889812.5,"standard_error":788986.4883292618},"median_abs_dev":{"confidence_interval":{"confidence_level":0.95,"lower_bound":2316006.4838826656,"upper_bound":4621387.173753977},"point_estimate":3512062.87804842,"standard_error":565915.6551786569},"slope":null,"std_dev":{"confidence_interval":{"confidence_level":0.95,"lower_bound":2740566.088251625,"upper_bound":6837989.88270016},"point_estimate":4646237.387904866,"standard_error":1281141.6262836047}}