{"mean":{"confidence_interval":{"confidence_level":0.95,"lower_bound":145103362.106,"upper_bound":145562554.6},"point_estimate":145326399.96,"standard_error":117372.6229035408},"median":{"confidence_interval":{"confidence_level":0.95,"lower_bound":144733375.0,"upper_bound":145236667.0},"point_estimate":145062083.0,"standard_error":121811.40126916645},"median_abs_dev":{"confidence_interval":{"confidence_level":0.95,"lower_bound":550384.8469287157,"upper_bound":1037264.0065848827},"point_estimate":770859.3238145113,"standard_error":124678.17824117631},"slope":null,"std_dev":{"confidence_interval":{"confidence_level":0.95,"lower_bound":974401.8259494313,"upper_bound":1351912.7967899276},"point_estimate":1185936.315955643,"standard_error":96131.47384217803}}