{"mean":{"confidence_interval":{"confidence_level":0.95,"lower_bound":584173409.5174999,"upper_bound":586794346.725},"point_estimate":585455799.9,"standard_error":670966.110198664},"median":{"confidence_interval":{"confidence_level":0.95,"lower_bound":583258291.5,"upper_bound":587763062.5},"point_estimate":584189395.5,"standard_error":1220146.3358903264},"median_abs_dev":{"confidence_interval":{"confidence_level":0.95,"lower_bound":858019.7083421136,"upper_bound":4813353.477045894},"point_estimate":2416236.172503233,"standard_error":1140906.5642601678},"slope":null,"std_dev":{"confidence_interval":{"confidence_level":0.95,"lower_bound":2302438.76116902,"upper_bound":3524824.1997840926},"point_estimate":3077580.3407872897,"standard_error":310611.9185600475}}