{"mean":{"confidence_interval":{"confidence_level":0.95,"lower_bound":563664329.54875,"upper_bound":566662979.1},"point_estimate":565129999.9,"standard_error":765724.1331831065},"median":{"confidence_interval":{"confidence_level":0.95,"lower_bound":562557812.5,"upper_bound":567805271.0},"point_estimate":564098916.5,"standard_error":1557168.1200698097},"median_abs_dev":{"confidence_interval":{"confidence_level":0.95,"lower_bound":1538135.9447926283,"upper_bound":5484848.209324479},"point_estimate":4222259.400039911,"standard_error":1062233.9286210404},"slope":null,"std_dev":{"confidence_interval":{"confidence_level":0.95,"lower_bound":2605670.6177771986,"upper_bound":4187175.8116738843},"point_estimate":3514244.021204529,"standard_error":408405.5774937271}}