{"mean":{"confidence_interval":{"confidence_level":0.95,"lower_bound":-0.00910129218766123,"upper_bound":-0.005022512265736098},"point_estimate":-0.007035727180376483,"standard_error":0.0010427305925898443},"median":{"confidence_interval":{"confidence_level":0.95,"lower_bound":-0.00957165409515559,"upper_bound":-0.004349317329546354},"point_estimate":-0.0078435539448517,"standard_error":0.001194479081809134}}