{"mean":{"confidence_interval":{"confidence_level":0.95,"lower_bound":0.000404160273371429,"upper_bound":0.007848353928729231},"point_estimate":0.004169330617600053,"standard_error":0.00188763474293878},"median":{"confidence_interval":{"confidence_level":0.95,"lower_bound":0.0011083954515340722,"upper_bound":0.008029015695517838},"point_estimate":0.004727648127714534,"standard_error":0.0018449103723932275}}