{"mean":{"confidence_interval":{"confidence_level":0.95,"lower_bound":-0.3942758863741459,"upper_bound":-0.3904980581106469},"point_estimate":-0.392273750735914,"standard_error":0.0009597527191958109},"median":{"confidence_interval":{"confidence_level":0.95,"lower_bound":-0.3940228540121562,"upper_bound":-0.3898693212872899},"point_estimate":-0.39188192984491066,"standard_error":0.0011656279347912746}}