{"mean":{"confidence_interval":{"confidence_level":0.95,"lower_bound":1821248227.05,"upper_bound":1822879528.98375},"point_estimate":1822046404.15,"standard_error":416644.5906780299},"median":{"confidence_interval":{"confidence_level":0.95,"lower_bound":1820823687.5,"upper_bound":1823294427.0},"point_estimate":1821850864.25,"standard_error":671041.8532879791},"median_abs_dev":{"confidence_interval":{"confidence_level":0.95,"lower_bound":77003.27743291855,"upper_bound":2307326.9729867578},"point_estimate":1393320.3978136182,"standard_error":563998.5146934105},"slope":null,"std_dev":{"confidence_interval":{"confidence_level":0.95,"lower_bound":830951.6311172366,"upper_bound":1675061.7134558025},"point_estimate":1386455.1870202427,"standard_error":213452.46360272795}}