{"mean":{"confidence_interval":{"confidence_level":0.95,"lower_bound":0.0027329243377685946,"upper_bound":0.013033620764328012},"point_estimate":0.008168744772168779,"standard_error":0.0026349427814755856},"median":{"confidence_interval":{"confidence_level":0.95,"lower_bound":0.0028339709598872442,"upper_bound":0.016584349820448763},"point_estimate":0.01187657846175183,"standard_error":0.004021269775475691}}