{"mean":{"confidence_interval":{"confidence_level":0.95,"lower_bound":0.004000102880669338,"upper_bound":0.011073523916920852},"point_estimate":0.007255143659640861,"standard_error":0.0018492108998858156},"median":{"confidence_interval":{"confidence_level":0.95,"lower_bound":0.0037577287796493053,"upper_bound":0.008597879662569008},"point_estimate":0.0060337795891176604,"standard_error":0.0013245942509567009}}